DISBURSED_AMOUNT,LTV,AADHAR_FLAG,VOTERID_FLAG,DRIVING_FLAG,PASSPORT_FLAG,PERFORM_CNS_SCORE,PRI_NO_OF_ACCTS,PRI_OVERDUE_ACCTS,PRI_CURRENT_BALANCE,NO_OF_INQUIRIES,LOAN_DEFAULT
68882,89.74,1,0,0,0,738,1,0,8000,0,0
53603,80.59,1,0,0,0,0,0,0,0,0,0
52303,78.76,1,0,0,0,0,0,0,0,0,0
62947,84.62,1,0,0,0,0,0,0,0,0,0
63482,74.93,0,1,0,0,0,0,0,0,0,0
65584,73.47,1,0,0,0,595,3,0,20336,0,0
49850,62.33,1,0,0,0,809,2,0,1742,0,0
45440,76.83,1,0,0,0,385,6,3,3565,0,0
97890,75.68,1,0,0,0,825,1,0,0,0,0
58759,75.11,1,0,0,0,825,1,0,0,0,0
40894,64.99,1,0,0,0,300,3,1,122746,0,0
80091,73.66,1,0,0,0,785,2,0,291082,0,0
79976,74.75,1,0,0,0,683,5,0,29765,0,0
96990,69.37,1,0,0,0,0,0,0,0,0,0
73023,78.37,1,0,0,0,477,3,0,0,0,0
48249,76.38,1,0,0,0,662,7,1,9478,0,0
52578,60.34,1,0,0,0,738,5,0,58465,1,0
71123,69.97,1,0,0,0,0,0,0,0,0,0
44349,71.71,1,0,0,0,0,0,0,0,0,0
56513,79.85,0,1,0,0,663,3,0,692482,1,0
38939,66.43,1,0,0,0,785,3,0,13792,0,0
61685,63.72,1,0,0,0,758,1,0,86173,0,0
57530,70.89,1,0,0,0,706,1,0,800,0,0
39394,62.32,1,0,0,0,16,4,0,0,1,0
62713,89.44,1,0,0,0,0,0,0,0,0,0
62447,69.25,0,1,0,0,0,0,0,0,0,0
52878,89.62,1,0,0,0,616,20,0,27968,1,0
68417,69.49,0,1,0,0,0,0,0,0,0,0
58259,87.16,1,0,0,0,734,2,0,12839,0,0
55259,84.93,1,0,0,0,825,1,0,0,0,0
55859,78.37,1,0,0,0,0,0,0,0,0,0
76971,67.79,1,0,0,0,615,2,0,0,0,0
60587,85,1,0,0,0,0,0,0,0,0,0
55213,83.09,1,0,0,0,0,0,0,0,0,0
49078,71.83,0,1,0,0,0,0,0,0,0,0
49078,86.09,1,0,0,0,681,4,0,42925,2,0
65169,79.3,1,0,0,0,0,0,0,0,0,0
39922,72.15,1,0,0,0,0,0,0,0,0,0
50383,78.63,0,1,0,0,17,2,0,102164,0,0
37439,57.13,1,0,0,0,0,0,0,0,0,0
53723,79.94,1,0,0,0,15,8,1,46266,0,0
67169,77.59,1,0,0,0,0,0,0,0,0,0
52303,74.74,0,1,0,0,0,0,0,0,0,0
46349,68.57,1,0,0,0,0,0,0,0,0,0
39394,69.46,1,0,0,0,646,6,1,16193,0,0
47349,79.52,1,0,0,0,0,0,0,0,0,0
49025,81.43,1,0,0,0,0,0,0,0,0,0
48349,78.5,1,0,0,0,0,0,0,0,0,0
53639,59.85,1,0,0,0,0,0,0,0,0,0
53303,69.85,1,0,0,0,0,0,0,0,0,0
53053,84.61,1,0,0,0,706,3,0,315846,0,0
40575,69.03,0,1,0,0,0,0,0,0,0,0
36939,64.87,1,1,0,0,0,0,0,0,0,0
22921,32.77,1,0,0,0,763,4,0,0,0,0
39710,52.13,1,0,0,0,0,0,0,0,0,0
45749,48.92,1,0,0,0,0,0,0,0,0,0
52603,84.99,1,0,0,0,678,1,0,0,0,0
81686,73.26,1,0,0,0,818,12,0,50246,6,0
65882,84.07,1,0,0,0,18,2,0,0,3,0
50683,76.62,1,0,0,0,425,2,1,77867,0,0
54259,80.36,1,0,0,0,0,0,0,0,0,0
40694,79.05,1,0,0,0,836,1,0,0,0,0
51578,76.31,1,0,0,0,0,0,0,0,0,0
65169,82.45,1,0,0,0,757,2,0,0,0,0
49263,58.65,1,0,0,0,0,0,0,0,0,0
46349,71.16,1,0,0,0,0,0,0,0,0,0
51503,79.43,1,0,0,0,832,2,0,0,0,0
66582,72.1,0,1,0,0,0,0,0,0,0,0
59704,84.99,1,0,0,0,0,0,0,0,0,0
51223,80.66,1,0,0,0,0,0,0,0,0,0
72015,70,0,1,0,0,0,0,0,0,0,0
60947,89.68,0,1,0,0,18,1,0,0,0,0
53203,88.66,1,0,0,0,0,0,0,0,0,0
79686,84.88,1,0,0,0,687,2,0,1069227,0,0
53478,87.7,0,1,0,0,688,2,0,1493017,3,0
60713,83.29,1,0,0,0,0,0,0,0,0,0
73123,61.87,1,0,0,0,825,11,0,14418,0,0
57759,89.93,0,1,0,0,0,0,0,0,0,0
54433,77.53,1,0,0,0,738,2,0,3831,1,0
72623,70.78,1,0,0,0,671,6,0,98882,2,0
38439,63.69,1,0,0,0,518,4,1,548914,0,0
50283,72.41,1,0,0,0,15,1,0,40954,1,0
39894,54.22,0,0,1,0,0,0,0,0,0,0
59447,79.6,0,1,0,0,0,0,0,0,0,0
44945,75.29,1,0,0,0,739,6,0,0,0,0
46749,73.06,1,0,0,0,825,1,0,0,0,0
58159,88.45,1,0,0,0,0,0,0,0,0,0
49535,82,0,1,0,0,0,0,0,0,0,0
55659,84.7,1,0,0,0,680,4,0,23351,2,0
54219,85.01,1,0,0,0,696,30,0,2539669,0,0
56800,84.83,1,0,0,0,706,1,0,134393,0,0
57413,74.72,1,0,0,0,0,0,0,0,0,0
46349,74.51,1,0,0,0,0,0,0,0,0,0
42394,57.79,1,0,0,0,427,15,1,803038,0,0
37639,58.76,1,0,0,0,836,3,0,0,0,0
36939,33.77,1,0,0,0,0,0,0,0,0,0
83970,74.72,1,0,0,0,692,3,0,39382,0,0
59259,84.18,1,0,0,0,16,4,0,23243,0,0
73751,89.82,1,0,0,0,0,0,0,0,0,0
51803,79.2,1,0,0,0,0,0,0,0,0,0
58809,76.35,1,0,0,0,608,4,0,0,0,0
58213,84.15,1,0,0,0,753,1,0,9667,0,0
50914,85,1,0,0,0,728,7,0,415010,1,0
48518,82.63,1,0,0,0,717,1,0,0,0,0
54259,54.06,1,0,0,0,0,0,0,0,0,0
65159,85,0,0,0,0,0,0,0,0,0,0
44145,67.04,0,1,0,0,680,2,0,25,0,0
49538,69.96,1,0,0,0,0,0,0,0,0,0
56572,70,0,0,0,0,0,0,0,0,0,0
49578,81.13,0,1,0,0,717,1,0,2200,0,0
71619,79.66,1,0,0,0,825,1,0,0,0,0
48649,78.39,1,0,0,0,624,4,0,34779,0,0
51357,79.28,1,0,0,0,323,44,2,1603284,1,0
45549,75.14,1,0,0,0,0,0,0,0,0,0
60947,87.24,1,0,0,0,642,5,0,103498,0,0
44879,70,0,0,0,0,493,1,1,603,0,0
48349,79.45,1,0,0,0,0,0,0,0,0,0
75079,69.68,1,0,0,0,741,5,0,1806584,0,0
55013,89.26,1,0,0,0,0,0,0,0,0,0
45204,74.25,1,0,0,0,0,0,0,0,0,0
58013,85.45,1,0,0,0,585,1,0,0,0,0
60653,72.06,1,0,0,0,763,3,0,0,1,0
41710,74.43,1,0,0,0,15,2,0,50000,0,0
47349,73.5,0,1,0,0,0,0,0,0,0,0
44349,84.66,1,0,0,0,0,0,0,0,0,0
55243,84.45,1,0,0,0,0,0,0,0,0,0
42594,74.86,1,0,0,0,0,0,0,0,0,0
46599,86.15,1,0,0,0,825,1,0,0,1,0
49303,77.96,1,0,0,0,17,1,0,0,0,0
62513,88.81,1,0,0,0,708,2,0,60717,0,0
67882,66.9,0,1,0,0,0,0,0,0,0,0
55013,72.71,1,0,0,0,413,3,1,132138,0,0
68317,85.98,1,0,0,0,825,2,0,0,0,0
50243,68.85,0,1,0,0,836,1,0,0,0,0
50804,86.14,1,0,0,0,825,1,0,0,0,0
45895,64.01,1,0,0,0,0,0,0,0,0,0
60463,77.76,1,0,0,0,16,2,0,0,0,0
42394,71.43,1,0,0,0,763,1,0,388,0,0
41128,54.21,1,0,0,0,0,0,0,0,0,0
48058,80.17,1,0,0,0,738,9,0,83819,1,0
95000,62.87,1,0,0,0,597,1,0,48384,0,0
34061,52.51,1,0,0,0,0,0,0,0,0,0
48349,64.35,1,0,0,0,0,0,0,0,0,0
62457,69.86,0,0,0,1,0,0,0,0,0,0
45269,74.99,0,0,1,0,845,1,0,0,0,0
37439,54.73,1,0,0,0,16,6,0,66514,2,0
48349,71.01,1,0,0,0,300,7,7,112132,0,0
82880,61.05,1,0,0,0,728,10,0,106616,0,0
52478,79.78,1,0,0,0,0,0,0,0,0,0
54800,83.53,1,0,0,0,719,6,0,30064,0,0
58013,83.24,1,0,0,0,0,0,0,0,0,0
63829,69,1,0,0,0,300,13,10,82386,0,0
33939,43.93,1,0,0,0,0,0,0,0,0,0
53303,86.45,1,0,0,0,654,1,0,367286,0,0
50903,67.37,1,0,0,0,0,0,0,0,0,0
34959,63.58,1,0,0,0,300,2,1,449733,0,0
52828,87.26,1,0,0,0,300,29,2,121193,0,0
39439,48.88,1,0,0,0,0,0,0,0,0,0
70817,70.16,0,0,0,0,0,0,0,0,0,0
54303,80.99,1,0,0,0,796,4,0,1995870,0,0
53103,81.63,1,0,0,0,0,0,0,0,0,0
30344,53.61,1,0,0,0,738,2,0,7500,0,0
52003,79.36,1,0,0,0,0,0,0,0,0,0
35439,48.02,1,0,0,0,665,1,0,17380,0,0
47445,71.2,0,1,0,0,0,0,0,0,0,0
48549,85.78,1,0,0,0,0,0,0,0,0,0
65282,89.18,1,0,0,0,704,18,0,29121,0,0
62593,88.89,1,0,0,0,707,4,0,18259,0,0
47069,71.56,1,0,0,0,778,1,0,3237,0,0
34084,43.99,0,1,0,0,0,0,0,0,0,0
74951,74.02,1,0,0,0,783,2,0,21480,0,0
69617,70.74,1,0,0,0,624,16,1,64716,1,0
53152,84.95,1,0,0,0,708,5,0,61001,0,0
53208,75.73,1,0,0,0,726,3,0,120000,1,0
52453,53.87,1,0,0,0,17,1,0,55300,0,0
51803,79.55,1,0,0,0,0,0,0,0,0,0
59247,82.43,1,0,0,0,0,0,0,0,0,0
63882,88.96,1,0,0,0,0,0,0,0,0,0
30484,55.87,0,1,0,0,0,0,0,0,0,0
44249,65.46,0,0,1,0,0,0,0,0,0,0
71623,74.28,1,0,0,0,676,5,0,251433,0,0
66382,87.8,1,0,0,0,763,2,0,1631,1,0
51497,74.87,1,0,0,0,0,0,0,0,0,0
32884,50.82,1,0,0,0,762,2,0,0,0,0
60947,72.95,1,0,0,0,612,3,0,63580,0,0
25783,41.47,0,1,0,0,0,0,0,0,0,0
67882,79.31,1,0,0,0,406,8,1,245078,2,0
62947,70.17,1,0,0,0,0,0,0,0,0,0
57713,88.77,1,0,0,0,0,0,0,0,0,0
58659,79.87,1,0,0,0,0,0,0,0,0,0
45879,70.69,1,0,0,0,0,0,0,0,1,0
47145,68.69,1,0,0,0,597,2,0,36857,0,0
39900,63.35,1,0,0,0,569,18,1,618179,0,0
46149,70.17,1,0,0,0,682,10,0,159910,0,0
30784,46.72,1,0,0,0,825,1,0,0,0,0
52153,68.19,1,0,0,0,698,7,0,423476,0,0
59413,89.85,1,0,0,0,0,0,0,0,0,0
47349,72.04,0,1,0,0,482,3,1,204711,0,0
52795,79.05,0,0,0,0,0,0,0,0,0,0
45349,73.99,1,0,0,0,0,0,0,0,0,0
44509,62.94,0,0,1,0,0,0,0,0,0,0
37939,39.02,1,0,0,0,0,0,0,0,0,0
32984,70.92,1,0,0,0,0,0,0,0,0,0
38939,60.29,0,0,0,0,0,0,0,0,0,0
47549,79.6,1,0,0,0,0,0,0,0,0,0
52803,87.28,1,0,0,0,0,0,0,0,0,0
67669,86.98,0,1,0,0,15,3,0,22636,0,0
53303,70.04,1,0,0,0,18,7,0,10330,1,0
55759,87.16,1,0,0,0,0,0,0,0,0,0
57335,85,1,0,0,0,0,0,0,0,0,0
65882,72.04,1,0,0,0,577,32,2,1610136,1,0
52703,74.78,1,0,0,0,757,1,0,0,0,0
42394,61.22,1,0,0,0,0,0,0,0,0,0
42894,61.61,1,0,0,0,0,0,0,0,0,0
48349,77.11,1,0,0,0,0,0,0,0,0,0
51723,71.92,0,1,0,0,640,19,0,2173009,0,0
45849,81.85,1,0,0,0,738,4,0,13627,0,0
56259,83.58,1,0,0,0,681,2,0,1778202,0,0
52543,76.82,1,0,0,0,300,1,1,6523,0,0
33484,50.71,1,0,0,0,0,0,0,0,0,0
49349,73.02,1,0,0,0,0,0,0,0,0,0
55059,82.7,1,0,0,0,586,2,0,0,1,0
69967,79.3,0,1,0,0,594,3,0,22332,0,0
63382,89.97,1,0,0,0,0,0,0,0,0,0
35775,70.09,1,0,0,0,790,4,0,30110,0,0
70817,87.03,1,0,0,0,511,3,1,232536,0,0
58783,84.79,1,1,0,0,0,0,0,0,0,0
46498,73.43,1,0,0,0,738,4,0,104357,0,0
49803,83.57,1,0,0,0,0,0,0,0,0,0
42322,68.76,1,0,0,0,431,1,0,152889,0,0
63629,89.79,1,0,0,0,0,0,0,0,0,0
46599,74.23,1,0,0,0,553,9,1,166580,0,0
51903,72.36,1,0,0,0,573,15,1,867277,2,0
71703,87.22,1,0,0,0,814,1,0,0,0,0
38439,63.87,0,1,0,0,0,0,0,0,0,0
50303,74.43,1,0,0,0,0,0,0,0,0,0
51803,72.21,1,0,0,0,0,0,0,0,0,0
44394,63.13,1,0,0,0,0,0,0,0,0,0
48045,76.14,1,0,0,0,0,0,0,0,0,0
47545,69.71,1,0,0,0,0,0,0,0,0,0
43546,39.02,1,0,0,0,0,0,0,0,0,0
49303,84.86,1,0,0,0,393,3,1,785452,0,0
55513,81.34,1,0,0,0,628,1,0,0,2,0
61817,85,1,0,0,0,0,0,0,0,0,0
56013,81.86,1,0,0,0,0,0,0,0,1,0
48349,73.98,1,0,0,0,559,2,0,77895,0,0
46749,89.49,1,0,0,0,0,0,0,0,0,0
52078,79.62,1,0,0,0,612,8,0,0,0,0
59981,76.91,0,1,0,0,706,1,0,177403,0,0
39394,81.03,1,0,0,0,0,0,0,0,0,0
58459,84.83,1,0,0,0,645,2,0,105812,0,0
66282,67.59,1,0,0,0,0,0,0,0,0,0
45749,68.68,1,0,0,0,0,0,0,0,0,0
66669,87.03,1,0,0,0,825,2,0,0,0,0
74979,76.19,1,0,0,0,749,4,0,18043,1,0
52078,73.85,1,0,0,0,0,0,0,0,0,0
52826,76.06,1,0,0,0,788,13,0,169306,0,0
60213,85.18,1,0,0,0,0,0,0,0,0,0
60973,83.33,1,0,0,0,635,2,0,976051,0,0
52678,81.91,1,0,0,0,0,0,0,0,0,0
60547,84.19,1,0,0,0,763,4,0,0,0,0
45471,74.06,1,0,0,0,0,0,0,0,0,0
82286,74.98,0,1,0,0,0,0,0,0,0,0
43394,67.5,1,0,0,0,0,0,0,0,0,0
57259,86.57,1,0,0,0,15,1,0,10774,0,0
49713,76,1,0,0,0,749,3,0,86221,0,0
53049,79.19,1,0,0,0,300,3,1,17410,0,0
50803,81.4,1,0,0,0,825,1,0,0,0,0
90300,72.83,0,1,0,0,300,2,1,791,1,0
46645,73.88,1,0,0,0,0,0,0,0,0,0
47774,79.17,1,0,0,0,0,0,0,0,0,0
42394,57.51,0,1,0,0,0,0,0,0,0,0
68069,83.68,1,0,0,0,0,0,0,0,0,0
59133,83.91,0,1,0,0,0,0,0,0,0,0
40010,62.49,0,1,0,0,0,0,0,0,0,0
43745,66.39,1,0,0,0,0,0,0,0,0,0
44349,67.75,0,1,0,0,774,2,0,2700,0,0
67382,65.71,1,0,0,0,0,0,0,0,0,0
68169,74.35,1,0,0,0,825,3,0,12425,0,0
68382,67.68,1,0,0,0,15,1,0,26356,0,0
77079,84.96,1,0,0,0,674,4,1,352588,0,0
54913,76.68,1,0,0,0,0,0,0,0,0,0
51814,77.06,1,0,0,0,441,5,1,1232645,0,0
45850,67.36,1,0,0,0,0,0,0,0,0,0
46849,73.22,1,0,0,0,853,8,0,131679,0,0
62713,85.55,1,0,0,0,734,15,0,205667,0,0
35339,55.89,1,0,0,0,0,0,0,0,0,0
59687,84.77,1,0,0,0,0,0,0,0,0,0
42044,64.87,1,0,0,0,0,0,0,0,0,0
57013,87.68,1,0,0,0,738,1,0,10737,0,0
42110,65.81,0,1,0,0,300,6,1,106802,0,0
54713,84.25,1,0,0,0,763,1,0,0,0,0
48743,77.04,1,0,0,0,535,33,1,795323,0,0
55259,83.61,1,0,0,0,14,1,0,121752,0,0
46365,63.84,1,0,0,0,0,0,0,0,0,0
54373,84.39,1,0,0,0,617,11,0,158960,0,0
53303,85.65,1,0,0,0,488,18,1,49996,0,0
45349,67.77,0,0,1,0,667,11,0,374426,0,0
46586,73.74,0,0,1,0,706,1,0,210479,0,0
47349,72.12,1,0,0,0,702,4,0,41286,0,0
34045,57.73,1,0,0,0,0,0,0,0,0,0
68413,84.52,1,0,0,0,832,7,0,791945,0,0
52538,57.77,1,0,0,0,606,5,0,0,0,0
43694,69.36,1,0,0,0,0,0,0,0,0,0
35621,60.58,0,1,1,0,825,4,0,0,0,0
84620,74.09,1,0,0,0,0,0,0,0,0,0
58509,89.91,1,0,0,0,825,1,0,0,0,0
46349,73.23,1,0,0,0,783,5,0,11400,1,0
29484,37.04,1,0,0,0,825,2,0,0,0,0
57159,79.84,1,0,0,0,596,15,0,1157447,1,0
50203,78.54,1,0,0,0,0,0,0,0,0,0
55113,82.45,1,0,0,0,738,1,0,3628,2,0
31661,51.06,1,0,0,0,604,7,0,555858,0,0
56809,84.72,0,0,1,0,0,0,0,0,3,0
39394,74.62,1,0,1,0,850,2,0,0,0,0
65682,88.98,1,0,0,0,771,14,1,0,0,0
49349,76.73,0,0,0,0,791,9,0,1105,0,0
63613,88.95,1,0,0,0,0,0,0,0,0,0
43094,68.56,1,0,0,0,571,1,0,218957,0,0
46349,69.75,1,0,0,0,0,0,0,0,0,0
51078,68.06,1,0,0,0,0,0,0,0,0,0
32334,54.54,1,0,0,0,14,4,2,65758,0,0
56578,79.21,1,0,0,0,452,5,1,1054699,0,0
65882,71.4,0,1,0,0,0,0,0,0,0,0
60487,75,0,1,0,0,0,0,0,0,0,0
47349,72.74,0,0,1,0,0,0,0,0,0,0
35239,56.44,1,0,0,0,438,1,1,61156,0,0
54859,89.36,1,0,0,0,0,0,0,0,0,0
47145,67.83,1,0,0,0,734,8,0,262669,0,0
52903,77.61,1,0,0,0,0,0,0,0,0,0
74123,62.29,0,0,1,0,766,7,2,1350537,0,0
48183,71.36,1,0,0,0,17,3,0,17633,0,0
67382,82.84,1,0,0,0,15,1,0,12458,0,0
43894,63.35,1,0,0,0,0,0,0,0,0,0
54813,88.89,1,0,0,0,0,0,0,0,0,0
49803,52.42,1,0,0,0,637,1,0,290,0,0
55259,80.66,1,0,0,0,671,1,0,21,0,0
48349,65.82,1,0,0,0,0,0,0,0,0,0
40194,63.18,0,1,0,0,17,1,0,2238,1,0
54013,83.29,1,0,0,0,0,0,0,0,0,0
63842,74.01,1,0,0,0,17,1,0,68000,0,0
50078,73.06,1,0,0,0,0,0,0,0,0,0
70217,74.5,1,0,0,0,0,0,0,0,0,0
28329,52.42,1,0,0,0,0,0,0,0,0,0
54859,83.16,1,0,0,0,17,1,0,56200,0,0
45349,73.44,1,0,0,0,747,7,0,102188,0,0
64882,79.52,1,0,0,0,710,6,0,138864,2,0
59447,81.02,1,0,0,0,0,0,0,0,0,0
62847,73.14,1,0,0,0,0,0,0,0,0,0
67082,85.63,1,0,0,0,737,1,0,341709,0,0
63947,83.81,0,1,0,0,0,0,0,0,0,0
58459,87.23,0,0,1,0,679,4,0,26749,0,0
57259,61.58,1,0,0,0,300,12,3,92259,0,0
51078,70.17,0,1,0,0,0,0,0,0,0,0
50503,77.24,1,0,0,0,653,45,3,3335782,0,0
49803,79.14,1,0,0,0,0,0,0,0,0,0
52333,78.9,1,0,0,0,0,0,0,0,0,0
53005,79.61,1,0,0,0,615,1,0,0,0,0
39844,66.84,1,0,0,0,763,2,0,0,0,0
72123,84.35,1,0,0,0,0,0,0,0,0,0
43100,81.68,1,0,0,0,0,0,0,0,0,0
51303,58.89,1,0,0,0,706,1,0,170874,0,0
59913,83.91,1,0,0,0,676,23,0,76582,0,0
43899,76.24,1,0,0,0,0,0,0,0,0,0
57713,85.51,1,0,0,0,0,0,0,0,0,0
46349,80.11,1,0,0,0,575,1,0,0,0,0
55513,63.84,1,0,0,0,0,0,0,0,0,0
44073,69.66,0,1,0,0,0,0,0,0,0,0
54102,84.99,1,0,0,0,0,0,0,0,0,0
46349,78.65,0,1,0,0,615,1,0,0,0,0
50285,69.33,0,0,1,0,300,1,0,0,1,0
53303,78.46,1,0,0,0,0,0,0,0,0,0
60913,63.02,1,0,0,0,18,1,0,0,0,0
46349,44.39,0,0,1,0,737,1,0,11620,0,0
63947,80.75,1,0,0,0,0,0,0,0,0,0
50303,77.89,1,0,0,0,635,1,0,342356,0,0
35839,54.21,1,0,0,0,0,0,0,0,1,0
38439,44.25,1,0,0,0,0,0,0,0,0,0
46445,74.44,1,0,0,0,0,0,0,0,0,0
56194,84.99,1,0,0,0,597,1,1,5290,0,0
43429,65.21,1,0,0,0,749,2,0,315012,0,0
42894,73.33,1,0,0,0,0,0,0,0,0,0
56459,85.7,0,0,1,0,300,29,0,732905,0,0
54303,84.25,1,0,0,0,0,0,0,0,0,0
42494,65.18,1,0,0,0,0,0,0,0,0,0
62947,84.98,1,0,0,0,0,0,0,0,0,0
74023,88.22,1,0,0,0,0,0,0,0,0,0
54613,85,1,0,0,0,0,0,0,0,0,0
52503,78.14,1,0,0,0,0,0,0,0,1,0
62147,79.61,1,0,0,0,0,0,0,0,0,0
37799,69.82,1,0,0,0,737,8,0,4490764,0,0
40894,73.86,1,0,0,0,697,3,0,611061,0,0
61288,89.09,1,0,0,0,726,12,0,56814,0,0
66669,84.26,1,0,0,0,673,2,0,139254,0,0
60853,73.55,1,0,0,0,0,0,0,0,0,0
56306,70,0,1,0,0,0,0,0,0,0,0
68917,88.25,1,0,0,0,681,1,0,49490,0,0
56296,78.94,1,0,0,0,0,0,0,0,0,0
60239,84.99,0,1,0,0,0,0,0,0,0,0
51723,83.49,0,1,0,0,0,0,0,0,0,0
37639,64.5,1,0,0,0,824,1,0,0,0,0
41994,63.5,0,1,1,0,0,0,0,0,0,0
51994,81.01,0,1,0,0,659,2,0,0,1,0
40394,68.88,1,0,0,0,671,7,0,1434489,0,0
42394,44.29,1,0,0,0,0,0,0,0,0,0
57259,82.99,0,1,0,0,0,0,0,0,0,0
38439,69.43,1,0,0,0,0,0,0,0,0,0
49213,77.73,1,0,0,0,450,2,1,16944,0,0
53041,79.4,1,0,0,0,576,1,0,423739,0,0
59839,89.78,1,0,0,0,599,1,1,4236,1,0
59413,85,1,0,0,0,0,0,0,0,0,0
53078,84.1,1,0,0,0,0,0,0,0,0,0
37239,55.5,1,0,0,0,0,0,0,0,0,0
71817,69.99,0,1,0,0,0,0,0,0,0,0
57659,84.77,1,0,0,0,0,0,0,0,0,0
51703,79.51,1,0,0,0,684,6,0,1223413,0,0
47349,67.53,1,0,0,0,825,6,0,32356,0,0
55013,68.42,1,0,0,0,771,1,0,533399,0,0
34000,79.54,1,0,0,0,0,0,0,0,0,0
59713,84.38,1,0,0,0,368,1,1,18530,0,0
71423,71.32,0,1,0,0,0,0,0,0,0,0
47349,67.14,1,0,0,0,749,2,0,16555,0,0
50478,82.22,1,0,0,0,0,0,0,0,0,0
53117,60.69,1,0,0,0,0,0,0,0,0,0
50803,80,1,0,0,0,825,1,0,0,0,0
51803,75.21,1,0,0,0,0,0,0,0,0,0
46240,41.92,1,0,0,0,707,8,0,336821,0,0
57056,76,0,1,1,0,0,0,0,0,0,0
42394,59.3,1,0,0,0,0,0,0,0,0,0
97899,74.72,1,0,0,0,702,21,0,55000,0,0
30661,58.59,1,0,0,0,0,0,0,0,0,0
53303,73.94,1,0,0,0,589,2,0,74827,0,0
38139,48.24,1,0,0,0,614,24,0,566496,0,0
48349,67.2,0,1,0,0,599,4,1,61108,0,0
51078,78.17,1,0,0,0,594,2,0,0,0,0
64169,60.49,1,0,0,0,0,0,0,0,0,0
38890,50.8,1,0,0,0,0,0,0,0,0,0
50623,77.59,1,0,0,0,789,3,0,35518,0,0
44349,71.54,0,1,0,0,15,1,0,8550,0,0
40594,74.97,1,0,0,0,0,0,0,0,0,0
50078,89.93,1,0,0,0,0,0,0,0,0,0
60713,82.36,1,0,0,0,404,2,1,265650,0,0
36655,79.94,1,0,0,0,0,0,0,0,0,0
62013,86.82,0,1,0,0,14,1,1,0,0,0
51723,55.74,1,0,0,0,0,0,0,0,0,0
51803,89.18,1,0,0,0,726,26,0,838049,0,0
45079,80.25,1,0,0,0,0,0,0,0,0,0
49103,73.83,1,0,0,0,0,0,0,0,1,0
63969,89.53,1,0,0,0,0,0,0,0,0,0
43919,74.28,1,0,0,0,0,0,0,0,1,0
59947,79.74,1,0,0,0,0,0,0,0,0,0
49657,87.98,1,0,0,0,646,13,0,2183463,0,0
65569,89.91,1,0,0,0,0,0,0,0,0,0
37039,58.45,1,0,0,0,15,3,0,10823,1,0
54013,75.35,1,0,0,0,0,0,0,0,0,0
71317,60.77,1,0,0,0,653,1,0,47877,0,0
30484,53.37,1,0,0,0,0,0,0,0,0,0
49349,77.18,1,0,0,0,445,3,0,535021,1,0
57259,78.79,1,0,0,0,0,0,0,0,0,0
48518,77.7,1,0,0,0,758,8,0,2446908,1,0
53253,84.34,1,0,0,0,0,0,0,0,0,0
52303,77.88,1,0,0,0,0,0,0,0,0,0
55259,85.61,1,0,0,0,0,0,0,0,0,0
57559,80.91,1,0,0,0,0,0,0,0,0,0
40534,72.15,1,0,0,0,830,1,0,0,0,0
59613,79.73,1,0,0,0,388,1,1,1453,1,0
59247,81.47,1,0,0,0,489,5,1,213300,0,0
53703,84.09,1,0,0,0,694,13,0,127214,3,0
46145,78.86,1,0,0,0,825,1,0,0,0,0
58259,80.47,1,0,0,0,17,1,0,7500,0,0
40360,70.72,1,0,0,0,0,0,0,0,0,0
58159,84.08,1,0,0,0,0,0,0,0,0,0
53678,80.28,0,1,0,0,0,0,0,0,0,0
59847,61.89,1,0,0,0,0,0,0,0,0,0
36639,60.16,1,0,0,0,0,0,0,0,0,0
40534,74.04,1,0,0,0,0,0,0,0,0,0
57113,79.86,1,0,0,0,0,0,0,0,0,0
55654,85,1,0,0,0,0,0,0,0,0,0
58513,78.64,1,0,0,0,0,0,0,0,0,0
57359,83.72,1,0,0,0,638,3,0,20324,0,0
54813,89.92,1,0,0,0,738,3,0,15835,0,0
52078,85.95,1,0,0,0,738,6,0,76431,0,0
54746,79,0,1,0,0,836,1,0,0,0,0
46145,73.12,1,0,0,0,738,12,0,40143,2,0
51703,80.47,1,0,0,0,792,4,0,1004283,0,0
58463,89.93,1,0,0,0,0,0,0,0,0,0
73717,84.42,1,0,0,0,645,5,0,24864,3,0
52579,82.02,1,0,0,0,0,0,0,0,0,0
56512,85.75,1,0,0,0,681,16,1,34415,0,0
48645,78.09,1,0,0,0,0,0,0,0,3,0
69073,89.52,1,0,0,0,0,0,0,0,0,0
55759,79.56,1,0,0,0,488,13,1,8206467,0,0
62147,57.78,0,1,0,0,0,0,0,0,0,0
67882,69.63,0,1,0,0,0,0,0,0,0,0
49303,74.22,1,0,0,0,683,2,0,15692,0,0
78751,86.02,1,0,0,0,599,1,1,4979,1,0
91943,74.16,1,0,0,0,572,14,0,502659,0,0
44849,63.29,1,0,0,0,0,0,0,0,0,0
61947,85.81,1,0,0,0,0,0,0,0,0,0
60781,79.62,0,1,0,0,0,0,0,0,0,0
70373,68.84,1,0,0,0,449,9,0,395267,0,0
46869,73.43,1,0,0,0,0,0,0,0,0,0
57559,75.14,1,0,0,0,17,1,0,8750,0,0
44149,72.01,1,0,0,0,751,6,1,337802,0,0
77751,74.53,1,0,0,0,0,0,0,0,0,0
59062,84.63,1,0,0,0,825,2,0,0,0,0
37439,58.08,1,0,0,0,0,0,0,0,0,0
39194,72.12,1,0,0,0,832,12,0,0,0,0
73023,80.3,1,0,0,0,650,1,0,983,0,0
50703,70.91,1,0,0,0,737,1,0,30914,0,0
58759,58.56,1,0,0,0,379,1,1,17910,0,0
35679,52.11,0,1,0,0,0,0,0,0,0,0
53393,81.66,1,0,0,0,0,0,0,0,0,0
50278,73.64,0,1,0,0,0,0,0,0,0,0
62413,70.16,1,0,0,0,0,0,0,0,0,0
57709,82.23,0,0,1,0,708,5,0,127884,0,0
35939,44.83,1,0,0,0,844,3,0,497376,1,0
65082,76.71,1,0,0,0,0,0,0,0,0,0
55013,78.25,1,0,0,0,17,1,0,56000,1,0
64213,73.96,1,0,0,0,0,0,0,0,0,0
38434,65.54,0,1,0,0,0,0,0,0,0,0
54759,81.43,1,0,0,0,679,4,0,51068,0,0
62713,79.58,1,0,0,0,780,4,0,5392,0,0
62347,89.26,1,0,0,0,738,3,0,12448,0,0
50819,85,1,0,0,0,680,4,0,11850,0,0
44409,73.26,0,1,0,0,0,0,0,0,0,0
53393,84.79,1,0,0,0,0,0,0,0,0,0
27029,68.84,1,0,0,0,710,2,0,125000,1,0
49803,53.35,1,0,0,0,0,0,0,0,0,0
69817,87.09,1,0,0,0,585,16,2,189540,0,0
45849,67.76,1,0,0,0,624,2,0,26488,0,0
34439,71.27,1,0,0,0,591,21,0,870909,0,0
57713,76.22,1,0,0,0,673,1,0,0,0,0
54959,86.1,0,1,0,0,825,13,0,38136,1,0
59259,70.2,1,0,0,0,0,0,0,0,0,0
33484,56.55,1,0,0,0,628,2,0,495285,0,0
53795,83.45,1,0,0,0,0,0,0,0,0,0
60947,86.49,0,1,0,0,14,1,0,101132,0,0
49803,79.46,1,0,0,0,0,0,0,0,0,0
55594,74,0,0,1,0,845,3,0,0,0,0
67102,89.81,1,1,0,0,597,1,0,17577,1,0
55913,73.79,0,1,0,0,309,3,2,1474796,0,0
45065,83.23,1,0,0,0,0,0,0,0,0,0
32984,72.8,1,0,0,0,0,0,0,0,0,0
48009,81.59,0,1,0,0,0,0,0,0,0,0
54013,84.08,1,0,0,0,17,1,0,16100,0,0
50803,80.33,1,0,0,0,16,1,0,0,0,0
58850,87.2,1,0,0,0,680,16,1,220101,1,0
59013,74.53,1,0,0,0,0,0,0,0,0,0
40394,59.4,1,0,0,0,0,0,0,0,0,0
52303,75.71,1,0,0,0,0,0,0,0,0,0
56189,80.99,1,0,0,0,511,13,2,53570,0,0
30341,74.52,1,0,0,0,0,0,0,0,0,0
38164,53.61,1,0,0,0,825,1,0,0,0,0
43394,74.27,1,0,0,0,17,1,0,170000,0,0
57662,78.75,1,0,0,0,18,6,0,0,0,0
63213,73.47,1,0,0,0,648,18,0,99165,0,0
56513,88.9,1,0,0,0,708,2,0,356780,0,0
52462,74.23,0,1,0,0,0,0,0,0,0,0
47745,75.26,1,0,0,0,0,0,0,0,0,0
54988,80.37,1,0,0,0,0,0,0,0,0,0
53303,89.52,0,1,0,0,0,0,0,0,0,0
41362,72.08,1,0,0,0,0,0,0,0,0,0
61947,74.97,1,0,0,0,0,0,0,0,0,0
47849,63.86,1,0,0,0,0,0,0,0,0,0
48103,80.98,1,0,0,0,0,0,0,0,1,0
50489,77.82,1,0,0,0,719,6,0,69278,0,0
49303,75.44,1,0,0,0,0,0,0,0,0,0
72817,61.92,1,0,0,0,758,3,0,17135,0,0
58521,78.44,1,0,0,0,0,0,0,0,0,0
53304,88.09,1,0,0,0,0,0,0,0,0,0
29364,48.9,1,0,0,0,0,0,0,0,0,0
59259,80.91,1,0,0,0,0,0,0,0,0,0
46349,88.84,1,0,0,0,16,1,0,0,0,0
50303,74.27,1,0,0,0,785,6,1,0,0,0
55259,87.78,1,0,0,0,757,6,0,41589,0,0
62947,87.8,1,0,0,0,15,4,0,116306,0,0
44349,71.54,1,0,0,0,0,0,0,0,0,0
57059,88.69,1,0,0,0,723,9,0,85125,0,0
60933,81.33,1,0,0,0,815,2,0,0,0,0
46349,69.45,1,0,0,0,0,0,0,0,0,0
55013,79.7,1,0,0,0,0,0,0,0,0,0
59259,85.95,1,0,0,0,726,8,0,340736,0,0
57209,88.94,1,0,0,0,0,0,0,0,0,0
95800,57.13,1,0,0,0,738,2,0,55857,0,0
41074,79.14,1,0,0,0,0,0,0,0,0,0
57259,89.78,0,1,0,0,0,0,0,0,0,0
49713,77.06,1,0,0,0,771,22,0,1571781,0,0
56513,75.84,1,0,0,0,17,1,0,58000,0,0
49413,77.04,1,0,0,0,524,12,1,330193,0,0
55013,70.82,1,0,0,0,644,5,0,889049,3,0
71123,79.96,1,0,0,0,738,2,0,391018,0,0
30584,56.96,0,1,0,0,0,0,0,0,0,0
55013,85.84,1,0,0,0,0,0,0,0,0,0
53078,81.39,1,1,0,0,825,1,0,0,0,0
54303,76.59,1,0,0,0,640,14,0,12848,1,0
42794,72.22,1,0,0,0,709,3,0,10332,0,0
45199,76.65,0,1,0,0,680,1,0,25925,0,0
36539,52.92,0,1,0,0,0,0,0,0,0,0
31041,47.91,0,1,0,0,738,1,0,9581,0,0
48349,72.67,1,0,0,0,657,1,0,410949,1,0
55759,77.26,1,0,0,0,741,7,0,1033166,0,0
33041,56.72,1,0,0,0,488,1,1,767866,0,0
54078,73.83,1,0,0,0,825,1,0,0,0,0
48799,75.19,1,0,0,0,0,0,0,0,0,0
34241,78.21,1,0,0,0,0,0,0,0,0,0
56219,83.76,1,0,0,0,738,3,0,74648,0,0
57806,79.99,1,0,0,0,300,3,3,19231,0,0
57513,89.31,1,0,0,0,710,13,0,84782,4,0
54219,79,0,1,0,0,719,8,0,40551,0,0
65182,87.93,0,1,0,0,609,1,0,70870,0,0
69359,84.99,1,0,0,0,300,8,2,129168,0,0
74179,78.77,1,0,0,0,659,12,0,384466,0,0
60447,62.29,0,1,0,0,0,0,0,0,0,0
60297,88.74,1,0,0,0,0,0,0,0,0,0
58059,69.96,0,0,1,0,706,2,0,345291,0,0
95391,59.34,1,0,0,0,427,5,3,1586951,0,0
48549,76.9,1,0,0,0,0,0,0,0,1,0
25529,61.66,1,0,0,0,836,1,0,0,0,0
48145,82.06,1,0,0,0,825,1,0,0,0,0
60447,79.72,1,0,0,0,0,0,0,0,0,0
26529,42.33,1,0,0,0,0,0,0,0,0,0
46945,80,1,0,0,0,737,3,0,75915,0,0
44349,70.59,1,0,0,0,0,0,0,0,0,0
66669,84.24,1,0,0,0,597,1,0,56034,0,0
38639,54.95,0,0,0,0,825,3,0,0,0,0
56013,82.05,1,0,0,0,0,0,0,0,0,0
43775,74.78,1,0,0,0,300,11,1,298829,1,0
25029,65.88,1,0,0,0,441,3,1,658431,1,0
44799,77.74,1,0,0,0,17,1,0,9160,0,0
57813,89.97,1,0,0,0,758,3,0,4382,1,0
55959,89.01,0,0,1,0,359,6,1,118704,0,0
63947,83.97,1,0,0,0,0,0,0,0,0,0
45349,74.71,1,0,0,0,15,2,0,50611,1,0
52579,83.96,1,0,0,0,753,3,0,19367,0,0
48349,72.22,1,0,0,0,0,0,0,0,0,0
60447,81.13,1,0,0,0,0,0,0,0,0,0
48378,75.11,1,0,0,0,0,0,0,0,0,0
67995,87.45,1,0,0,0,0,0,0,0,0,0
63713,69.75,0,1,0,0,0,0,0,0,0,0
51334,78.62,1,0,0,0,0,0,0,0,0,0
66882,89.39,1,0,0,0,0,0,0,0,0,0
40094,79.38,1,0,0,0,710,3,0,16787,2,0
53393,57.05,1,0,0,0,0,0,0,0,0,0
60868,66.5,0,1,0,0,0,0,0,0,0,0
53303,88.09,1,0,0,0,709,5,0,136258,0,0
65169,73.2,1,0,0,0,0,0,0,0,2,0
54303,79.2,1,0,0,0,0,0,0,0,0,0
50803,84.66,1,0,0,0,825,2,0,0,0,0
59113,76.58,0,1,0,0,630,13,2,329482,1,0
58259,76.82,1,0,0,0,708,4,0,8314,0,0
36275,59.53,1,0,0,0,0,0,0,0,0,0
56258,72.44,1,0,0,0,0,0,0,0,0,0
45185,84.3,1,0,0,0,738,1,0,11700,0,0
49143,72.82,1,0,0,0,0,0,0,0,0,0
64382,84.12,1,0,0,0,0,0,0,0,0,0
57259,59.96,1,0,0,0,0,0,0,0,0,0
49052,88.25,1,0,0,0,0,0,0,0,0,0
53913,83.45,1,0,0,0,0,0,0,0,0,0
52303,79.42,1,0,0,0,689,8,0,2774194,0,0
54303,76.23,1,0,0,0,0,0,0,0,0,0
26229,36.01,1,0,0,0,0,0,0,0,0,0
72817,71.84,1,0,0,0,825,1,0,0,0,0
52303,77.31,1,0,0,0,845,2,0,0,1,0
54303,84.95,1,0,0,0,300,3,2,0,0,0
81686,73.74,1,0,0,0,0,0,0,0,0,0
57013,86.49,1,0,0,0,0,0,0,0,1,0
66400,79.93,1,0,0,0,737,1,0,46959,1,0
62697,85,1,0,0,0,429,11,1,285020,0,0
51803,79.7,1,0,0,0,0,0,0,0,0,0
56013,83.74,1,0,0,0,737,2,0,55860,1,0
46849,83.89,0,1,1,0,300,2,1,0,0,0
52478,82.28,1,0,0,0,300,1,1,25688,1,0
59930,88.01,1,0,0,0,832,1,0,0,0,0
42700,74.98,1,0,0,0,783,2,0,0,0,0
93929,60.16,0,0,1,0,709,2,0,152723,0,0
47450,82.42,1,0,0,0,738,1,0,7008,1,0
42294,65.33,0,1,0,0,0,0,0,0,0,0
54840,88.91,1,0,0,0,738,9,0,48936,0,0
42210,59.55,0,1,0,0,0,0,0,0,0,0
54500,79.74,1,0,0,0,825,4,0,0,0,0
37551,53.35,0,1,0,0,17,1,0,40490,1,0
38939,70.97,1,0,0,0,634,10,0,89462,2,0
57309,84.55,1,0,0,0,0,0,0,0,0,0
59259,85.73,1,0,0,0,433,6,0,160000,2,0
66882,60.08,1,0,0,0,0,0,0,0,0,0
51803,73.94,1,0,0,0,0,0,0,0,0,0
36581,52.61,1,0,0,0,789,10,0,443388,0,0
36071,54.14,1,0,0,0,0,0,0,0,0,0
47273,89.85,1,0,0,0,836,1,0,0,0,0
44349,63.84,1,0,0,0,0,0,0,0,0,0
50578,83.29,1,0,0,0,710,5,0,52414,0,0
53513,85,0,1,0,0,0,0,0,0,0,0
53703,81.58,1,0,0,0,669,5,0,138668,0,0
40004,71.68,1,0,0,0,738,3,0,10713,0,0
52978,63.64,1,0,0,0,0,0,0,0,1,0
55959,60.93,0,1,0,0,0,0,0,0,0,0
60947,77.78,1,0,0,0,0,0,0,0,0,0
53803,79.92,1,0,0,0,0,0,0,0,0,0
68569,88.12,1,0,0,0,0,0,0,0,0,0
55064,89.49,1,0,0,0,449,4,1,1691025,0,0
53078,84.03,1,0,0,0,694,31,0,81551,1,0
40534,62.2,1,0,0,0,0,0,0,0,0,0
75079,83.11,1,0,0,0,573,32,1,22234668,0,0
60947,89,1,0,0,0,737,1,0,37057,0,0
49803,52.24,1,0,0,0,0,0,0,0,0,0
52503,85.31,1,0,0,0,740,3,0,295500,0,0
67882,74.44,0,1,0,0,0,0,0,0,0,0
49763,70,1,0,0,0,0,0,0,0,0,0
49349,76.38,0,1,0,0,0,0,0,0,0,0
40394,66.86,0,1,0,0,826,5,0,0,0,0
49145,84.7,0,1,0,0,0,0,0,0,0,0
49213,72.39,1,0,0,0,825,1,0,0,0,0
48845,89.38,1,0,0,0,708,5,0,9124,0,0
49713,75.39,1,0,0,0,0,0,0,0,0,0
49120,88.69,1,0,0,0,0,0,0,0,0,0
68869,85.15,0,1,0,0,617,16,1,780448,0,0
47345,69.42,0,0,1,0,0,0,0,0,0,0
62347,65.78,1,0,0,0,0,0,0,0,0,0
61097,83.37,1,0,0,0,0,0,0,0,0,0
50303,81.87,1,0,0,0,579,6,0,4518774,0,0
55513,84.43,1,0,0,0,15,1,0,4589,1,0
64608,85,1,0,0,0,442,27,1,38348,0,0
58900,66.77,1,0,0,0,0,0,0,0,1,0
42390,60.93,1,0,0,0,441,2,1,39096,0,0
42690,75.97,1,0,0,0,0,0,0,0,1,0
56459,59.89,1,0,0,0,592,18,1,2405610,0,0
63782,86.1,1,0,0,0,825,2,0,0,0,0
53303,77.9,1,0,0,0,763,3,0,5987,0,0
61947,87.95,0,0,0,1,0,0,0,0,0,0
65819,69.43,1,0,0,0,825,1,0,0,0,0
36939,75.94,1,0,0,0,825,3,0,0,0,0
60901,85,1,0,0,0,763,3,0,0,0,0
48293,73.53,1,0,0,0,608,1,1,55860,1,0
55500,80.71,1,0,0,0,738,2,0,8967,1,0
65882,67.39,1,0,0,0,0,0,0,0,0,0
64982,88.92,1,0,0,0,0,0,0,0,0,0
46649,56.34,1,1,0,0,0,0,0,0,0,0
66882,64.69,0,1,0,0,0,0,0,0,0,0
58013,70.59,0,1,0,0,0,0,0,0,0,0
33684,50,1,0,0,0,17,1,0,130379,0,0
53653,77.01,1,0,0,0,18,1,1,24,0,0
55353,79.93,1,0,0,0,16,7,0,56407,1,0
43394,71.79,1,0,0,0,745,1,0,106022,0,0
30984,72.73,1,1,0,0,300,7,1,540262,0,0
97799,87.75,1,0,0,0,738,2,0,2848,1,0
72717,59.48,1,0,0,0,577,2,0,574161,0,0
55013,72.15,1,0,0,0,708,4,0,35058,0,0
64209,58.33,1,0,0,0,0,0,0,0,0,0
44349,66.48,1,0,0,0,622,9,1,34552,0,0
57013,79.48,1,0,0,0,0,0,0,0,0,0
61104,84.44,1,0,0,0,763,5,0,51594,0,0
63213,67.61,1,0,0,0,0,0,0,0,0,0
71817,72.78,1,0,0,0,718,7,0,117812,0,0
59259,81.89,1,0,0,0,300,10,2,129869,0,0
72817,74.39,1,0,0,0,825,9,0,47525,0,0
68517,79.52,1,0,0,0,0,0,0,0,0,0
54259,85.99,1,0,0,0,0,0,0,0,0,0
40394,61.81,0,0,1,0,0,0,0,0,0,0
29485,47.7,1,0,0,0,825,4,0,0,0,0
46849,65.69,1,0,0,0,613,1,0,71855,0,0
56013,88.95,1,0,0,0,0,0,0,0,0,0
60947,89.86,1,0,0,0,0,0,0,0,0,0
57413,83.13,1,0,0,0,0,0,0,0,0,0
52988,85,1,0,0,0,0,0,0,0,0,0
32204,41,1,0,0,0,0,0,0,0,0,0
50803,78.11,1,0,0,0,16,2,0,0,0,0
44549,58.68,0,0,0,0,0,0,0,0,0,0
51578,79.57,1,0,0,0,468,6,1,441239,0,0
33484,58.21,1,0,0,0,0,0,0,0,0,0
51578,78.04,1,0,0,0,300,12,1,169735,0,0
77751,76.43,1,0,0,0,0,0,0,0,1,0
51303,83.52,1,0,0,0,0,0,0,0,0,0
54619,82.43,1,0,0,0,17,2,0,595242,0,0
57759,61.15,0,1,0,0,0,0,0,0,0,0
42969,75.11,1,0,0,0,825,2,0,0,0,0
68169,84.49,1,0,0,0,15,1,0,5000,0,0
53303,80.32,1,0,0,0,15,2,0,74000,0,0
44349,74.56,1,0,0,0,0,0,0,0,0,0
51880,72.25,0,1,0,0,0,0,0,0,0,0
58013,79.21,0,1,0,0,597,9,1,6088447,2,0
47559,71.68,0,0,1,0,710,5,0,79377,0,0
54303,78.49,1,0,0,0,728,11,0,44632,0,0
44445,69.88,1,0,0,0,825,1,0,0,1,0
65082,87.91,1,0,0,0,0,0,0,0,0,0
72232,69.99,1,0,0,0,0,0,0,0,0,0
50203,78.28,1,0,0,0,0,0,0,0,0,0
58359,80.96,1,0,0,0,726,2,0,0,0,0
68869,87.96,1,0,0,0,0,0,0,0,0,0
56309,78.18,1,0,0,0,0,0,0,0,0,0
51803,89.06,1,0,0,0,623,1,0,0,0,0
39894,62.52,1,1,0,0,728,6,0,4524,0,0
56500,60.81,0,0,1,0,0,0,0,0,0,0
56259,87.36,0,1,0,0,638,3,0,599147,1,0
42594,55.45,1,0,0,0,16,2,0,0,0,0
73217,70.33,1,0,0,0,0,0,0,0,0,0
51803,68.52,1,0,0,0,0,0,0,0,0,0
60317,90,1,0,0,0,611,13,1,2749345,0,0
43849,73.33,1,0,0,0,0,0,0,0,0,0
58447,76.09,0,1,0,0,830,1,0,0,0,0
66169,79.6,1,0,0,0,561,11,0,140241,0,0
48849,75.95,1,0,0,0,0,0,0,0,0,0
51103,77.79,1,0,0,0,0,0,0,0,0,0
65382,89.93,1,0,0,0,0,0,0,0,0,0
68382,89,1,0,0,0,0,0,0,0,0,0
50078,67.72,1,0,0,0,0,0,0,0,0,0
58759,78.09,1,0,0,0,0,0,0,0,0,0
34535,57.42,1,0,0,0,626,2,0,369597,0,0
66132,89.62,1,0,0,0,0,0,0,0,1,0
53303,79.88,1,0,0,0,825,1,0,0,0,0
40894,46.22,1,0,0,0,0,0,0,0,0,0
52303,77.88,0,1,0,0,0,0,0,0,0,0
56463,82.5,1,0,0,0,374,28,2,3948823,0,0
46945,80.87,1,0,0,0,16,2,0,11556,2,0
40407,55.27,0,1,0,0,643,1,0,15774,0,0
56659,74.95,1,0,0,0,646,2,0,3500,1,0
59947,79.86,1,0,0,0,695,15,0,63722,0,0
53139,89.41,1,0,0,0,0,0,0,0,0,0
58413,90,1,0,0,0,0,0,0,0,0,0
51890,84.76,1,0,0,0,0,0,0,0,0,0
45745,77.47,0,1,0,0,0,0,0,0,0,0
46645,84.04,0,0,1,0,0,0,0,0,0,0
57612,81.83,0,1,0,0,0,0,0,0,0,0
50503,84.55,0,1,0,0,825,2,0,0,0,0
43260,67,0,1,0,0,0,0,0,0,0,0
42300,83.97,1,0,0,0,0,0,0,0,0,0
71719,74.34,1,0,0,0,0,0,0,0,1,0
41394,76.57,1,0,0,0,681,2,0,90996,0,0
34079,82.63,1,0,0,0,621,9,0,132133,0,0
43380,60.94,1,0,0,0,15,1,0,589,0,0
65682,86.95,1,0,0,0,15,1,0,58401,1,0
56259,83.39,1,0,0,0,651,4,0,71588,0,0
53332,85,1,0,0,0,300,1,0,0,0,0
46549,71.09,1,0,0,0,0,0,0,0,0,0
56459,82.34,1,0,0,0,0,0,0,0,0,0
50703,74.44,1,0,0,0,836,1,0,0,0,0
47349,84.35,1,0,0,0,0,0,0,0,0,0
58509,81.16,1,0,0,0,670,34,0,3781986,0,0
37939,60.92,0,1,0,0,652,7,1,0,0,0
21959,33.18,1,0,0,0,0,0,0,0,0,0
69857,67.14,1,0,0,0,0,0,0,0,0,0
36139,56.08,1,0,0,0,0,0,0,0,0,0
45049,68.29,0,0,1,0,405,8,2,14838,0,0
52891,89.84,1,0,0,0,845,1,0,0,0,0
59347,73.06,1,0,0,0,743,5,0,0,0,0
49000,83.74,1,1,0,0,634,1,0,34717,0,0
59613,74.09,1,0,0,0,738,2,0,3183,1,0
95390,65.08,0,1,0,0,0,0,0,0,0,0
46999,67.63,1,0,0,0,574,16,1,1402685,0,0
62413,87.34,1,0,0,0,0,0,0,0,0,0
34139,54.71,0,1,0,0,553,6,1,95681,0,0
67092,68.07,0,1,0,0,763,1,0,7296,0,0
48049,86,1,0,0,0,738,2,0,36267,1,0
54059,82.33,1,0,0,0,0,0,0,0,0,0
61313,72.2,1,0,0,0,0,0,0,0,0,0
33341,56.06,1,0,0,0,527,3,1,700982,0,0
43210,71.88,1,0,0,0,0,0,0,0,0,0
45685,56.67,1,0,0,0,0,0,0,0,0,0
53303,76.27,1,0,0,0,640,2,0,18515,0,0
61447,89.62,1,0,0,0,17,1,0,43944,0,0
55259,74.5,1,0,0,0,0,0,0,0,0,0
47359,74.47,0,1,0,0,0,0,0,0,0,0
53278,84.26,0,1,0,0,0,0,0,0,1,0
48200,72.1,1,0,0,0,726,13,0,22522,0,0
36439,57.04,1,0,0,0,512,1,0,0,0,0
47349,53.14,1,0,0,0,300,7,1,13293,0,0
51362,84.61,1,0,0,0,366,2,1,18476,0,0
35199,78.43,1,0,0,0,0,0,0,0,0,0
69917,84.06,0,1,0,0,17,1,0,71100,0,0
73817,65.5,1,0,0,0,0,0,0,0,0,0
36239,51.88,1,0,0,0,0,0,0,0,0,0
53203,69.56,0,0,1,0,699,10,0,1938317,0,0
37639,72.25,0,0,1,0,664,3,0,23270,2,0
51833,88.89,1,0,0,0,818,3,0,0,0,0
48049,77.26,1,0,0,0,738,1,0,8015,1,0
36939,26.77,0,1,0,0,0,0,0,0,0,0
66882,67.49,1,0,0,0,0,0,0,0,0,0
50803,69.28,1,0,0,0,706,2,0,203963,0,0
58227,89.07,1,0,0,0,0,0,0,0,0,0
54865,83.31,1,0,0,0,749,5,0,41292,0,0
53026,78.49,0,1,0,0,0,0,0,0,0,0
53326,69.48,1,0,0,0,819,4,0,446459,0,0
57913,86.82,0,1,0,0,743,7,0,323347,0,0
62447,78.59,1,0,0,0,541,20,1,96281,3,0
46349,40.76,1,0,0,0,0,0,0,0,0,0
47649,77.49,1,0,0,0,16,7,0,0,0,0
28529,49.47,1,0,0,0,0,0,0,0,0,0
43272,74.86,1,0,0,0,16,2,0,0,0,0
44394,78.37,0,1,0,0,0,0,0,0,0,0
58842,85,1,0,0,0,0,0,0,0,0,0
90555,84.4,1,0,0,0,667,3,0,26579,0,0
61140,72.08,0,0,1,0,0,0,0,0,0,0
58013,60.22,0,1,0,0,0,0,0,0,0,0
31801,48.95,1,0,0,0,0,0,0,0,0,0
44349,74.91,1,0,0,0,729,14,0,2314273,0,0
45645,78.24,1,0,0,0,412,2,1,2822,0,0
51698,83.92,1,0,0,0,749,4,0,40268,0,0
59259,81.85,1,0,0,0,583,1,1,16625,0,0
61963,89,1,0,0,0,675,1,0,61709,0,0
86620,73.46,1,0,0,0,0,0,0,0,0,0
54559,81.46,1,0,0,0,763,3,0,1665,0,0
57313,89.85,1,0,0,0,735,6,0,537767,0,0
47849,84.86,1,0,0,0,836,1,0,0,0,0
46849,77.27,1,0,0,0,0,0,0,0,0,0
67853,89.71,1,0,0,0,0,0,0,0,0,0
72817,64.88,0,0,1,0,0,0,0,0,0,0
58087,79.43,1,0,0,0,0,0,0,0,0,0
53078,79.69,1,0,0,0,0,0,0,0,0,0
50778,85.49,1,0,0,0,569,6,1,15487,1,0
59713,89.74,1,0,0,0,825,1,0,0,0,0
56859,79.97,1,0,0,0,0,0,0,0,0,0
31684,47.84,1,0,0,0,0,0,0,0,0,0
52303,83.33,1,0,0,0,0,0,0,0,0,0
72217,79.83,1,0,0,0,629,1,0,546860,0,0
44594,84.4,1,0,0,0,832,1,0,0,0,0
43394,63.38,1,0,0,0,0,0,0,0,0,0
57513,84.68,1,0,0,0,0,0,0,0,0,0
60213,77.85,1,0,0,0,738,3,0,11375,0,0
63547,89,1,0,0,0,836,1,0,0,0,0
60894,61.36,0,0,1,0,681,4,0,69245,0,0
53403,89.97,1,0,0,0,853,6,0,584388,0,0
102846,63.35,1,0,0,0,749,3,0,322905,0,0
48349,75.52,1,0,0,0,0,0,0,0,0,0
47691,75.67,1,0,0,0,688,15,0,363408,0,0
45349,65.65,1,0,0,0,738,16,0,33532,1,0
37089,50.39,1,0,0,0,0,0,0,0,0,0
55913,79.82,1,0,0,0,0,0,0,0,0,0
54513,89.81,1,1,0,0,0,0,0,0,0,0
54059,82.44,1,0,0,0,0,0,0,0,0,0
46845,74.54,1,0,0,0,564,6,1,3983946,0,0
59259,89.93,1,0,0,0,0,0,0,0,0,0
64169,77.84,1,0,0,0,738,4,0,8000,0,0
55715,78.14,1,0,0,0,692,5,0,0,0,0
61657,62.76,0,1,0,0,762,1,0,6178,0,0
62213,88.67,1,0,0,0,339,6,1,109126,2,0
40094,57.48,0,1,0,0,710,5,0,193981,2,0
46069,75.23,1,0,0,0,738,1,0,9934,0,0
36439,52.1,1,0,0,0,763,2,0,2109412,0,0
41994,68,1,0,0,0,0,0,0,0,0,0
55213,89.63,1,0,0,0,0,0,0,0,0,0
47849,74.55,1,0,0,0,738,10,0,29959,1,0
33484,45.44,0,1,0,0,547,1,1,149907,0,0
37439,61.01,0,1,0,0,0,0,0,0,0,0
38594,60.5,1,0,0,0,0,0,0,0,0,0
67657,74.67,1,0,0,0,708,6,0,54696,0,0
45879,65.29,1,0,0,0,0,0,0,0,0,0
36269,52.08,0,1,0,0,0,0,0,0,0,0
53703,88.8,1,0,0,0,763,1,0,150,0,0
53503,66.71,1,0,0,0,0,0,0,0,0,0
64213,86.67,1,0,0,0,825,2,0,158409,0,0
53478,78.9,1,0,0,0,0,0,0,0,0,0
42210,66.09,1,0,0,0,754,1,0,0,0,0
52903,81.84,1,0,0,0,783,1,0,1105684,0,0
60213,47.93,1,0,0,0,0,0,0,0,0,0
56759,79.97,1,0,0,0,0,0,0,0,0,0
56183,85,0,1,0,0,0,0,0,0,0,0
55509,79.66,1,0,0,0,0,0,0,0,0,0
48699,76.1,0,1,0,0,0,0,0,0,0,0
24529,38.58,0,1,0,0,780,11,0,32896,0,0
50884,69.57,0,0,1,0,648,1,0,0,0,0
68618,94.5,1,0,0,0,737,3,0,62617,0,0
50803,76.12,1,0,0,0,542,11,2,1530557,0,0
59259,85.47,1,0,0,0,419,2,1,65369,1,0
54433,80.58,1,0,0,0,737,1,0,34293,1,0
62947,83.68,1,0,0,0,16,5,0,7748,0,0
47949,64.49,1,0,0,0,0,0,0,0,0,0
55059,79.22,1,0,0,0,680,10,0,182394,1,0
89355,84.17,1,0,0,0,417,5,0,4070443,0,0
47145,79.75,1,0,0,0,18,1,0,16,0,0
46949,67.94,1,0,0,0,0,0,0,0,0,0
42394,74.42,1,0,0,0,0,0,0,0,0,0
43394,64.96,0,1,0,0,0,0,0,0,0,0
59947,77.74,1,0,0,0,0,0,0,0,0,0
58813,77.63,0,0,1,0,640,20,0,68161,0,0
56559,80.67,1,0,0,0,627,2,0,0,0,0
40394,70.22,1,0,0,0,0,0,0,0,0,0
48349,74.68,1,0,0,0,819,1,0,0,0,0
55359,85.38,0,0,1,0,682,6,0,20660,0,0
45349,66.31,1,0,0,0,0,0,0,0,0,0
55000,89.11,1,0,0,0,0,0,0,0,0,0
57853,85,1,0,0,0,544,2,1,774453,0,0
58013,88.21,0,1,0,0,690,1,0,0,0,0
103688,61.92,1,0,0,0,0,0,0,0,0,0
49303,76.21,1,0,0,0,418,2,0,731485,0,0
58513,86.41,1,0,0,0,0,0,0,0,0,0
90500,78.59,1,0,0,0,0,0,0,0,2,0
52003,82.76,1,0,0,0,648,1,0,179305,0,0
52803,83.9,1,0,0,0,0,0,0,0,1,0
62447,88.17,1,0,0,0,0,0,0,0,0,0
52733,81.82,1,0,0,0,0,0,0,0,0,0
52403,79.62,1,0,0,0,738,5,0,8982,0,0
53303,83.47,1,0,0,0,350,3,2,62536,0,0
59057,89.11,1,0,0,0,596,19,2,455214,2,0
49722,74.39,1,0,0,0,802,3,0,0,0,0
64569,70.53,1,0,0,0,729,18,0,1383064,0,0
58259,79.26,1,0,0,0,0,0,0,0,0,0
60947,89.64,1,0,0,0,709,2,0,7961,1,0
42972,80.26,1,0,0,0,698,12,0,-931644,0,0
59457,85,1,0,0,0,0,0,0,0,0,0
42200,73.21,1,0,0,0,0,0,0,0,2,0
59947,84.94,0,1,0,0,0,0,0,0,0,1
55013,69.85,0,1,0,0,738,4,0,73262,2,1
51303,76.47,1,0,0,0,0,0,0,0,0,1
51578,79.85,1,0,0,0,600,1,1,0,0,1
64213,79.75,1,0,0,0,16,1,0,0,0,1
79526,75.03,1,0,0,0,594,1,0,89743,0,1
53078,78.02,1,0,0,0,17,1,0,55000,0,1
61713,89.94,1,0,0,0,688,8,0,134355,1,1
55428,85,0,0,1,0,0,0,0,0,1,1
89555,78.63,1,0,0,0,0,0,0,0,0,1
64882,83.3,1,0,0,0,0,0,0,0,0,1
63213,89.89,1,0,0,0,697,2,0,190370,0,1
48849,79.9,1,0,0,0,0,0,0,0,0,1
44705,65.7,1,0,0,0,0,0,0,0,0,1
58013,89.39,1,0,0,0,0,0,0,0,0,1
71817,61.9,0,1,0,0,0,0,0,0,0,1
54303,79.32,1,0,0,0,825,15,0,105668,2,1
39439,79.88,1,0,0,0,0,0,0,0,0,1
45675,84.99,0,1,0,0,0,0,0,0,0,1
39294,53.87,1,0,0,0,0,0,0,0,1,1
58947,78.69,0,1,0,0,0,0,0,0,1,1
67882,85.96,1,0,0,0,0,0,0,0,0,1
48849,79.94,1,0,0,0,0,0,0,0,0,1
36939,79.94,1,0,0,0,0,0,0,0,0,1
62147,79.84,1,0,0,0,0,0,0,0,0,1
57513,88.53,1,0,0,0,18,1,0,0,0,1
58759,89.87,1,0,0,0,652,24,0,2086599,0,1
54513,87.14,1,0,0,0,359,3,0,34314,0,1
57259,84.88,1,0,0,0,0,0,0,0,0,1
55599,76.67,1,0,0,0,0,0,0,0,0,1
49078,85.45,0,1,0,0,737,5,0,75373,1,1
60113,87.26,1,0,0,0,15,1,0,0,0,1
53979,85,1,0,0,0,0,0,0,0,0,1
47145,69.77,0,1,0,0,0,0,0,0,0,1
63684,85,1,0,0,0,738,6,0,84231,5,1
36939,83.32,1,0,0,0,0,0,0,0,0,1
67282,83.3,1,0,0,0,595,4,0,8000,0,1
65882,89.78,1,0,0,0,734,5,0,0,0,1
49349,77.84,1,0,0,0,300,2,2,0,1,1
35939,57.44,1,0,0,0,0,0,0,0,0,1
54063,75.73,0,0,1,0,0,0,0,0,0,1
40344,75.84,1,0,0,0,738,1,0,4420,1,1
65582,89.8,0,1,0,0,300,6,1,16382,0,1
58660,94.48,1,0,0,0,654,9,0,733732,0,1
57259,72.82,1,0,0,0,17,1,1,50700,3,1
49078,89.42,1,0,0,0,17,1,0,56521,0,1
58947,73.62,1,0,0,0,0,0,0,0,0,1
40784,62.67,1,0,0,0,0,0,0,0,0,1
42894,77.98,1,1,0,0,738,2,0,12486,3,1
55174,74.99,1,0,0,0,496,4,2,670774,1,1
43949,74.88,1,0,0,0,0,0,0,0,0,1
41394,77.55,0,0,0,0,659,7,1,80896,0,1
49078,67.32,1,0,0,0,0,0,0,0,0,1
62049,89.86,1,0,0,0,825,3,0,0,0,1
75151,89.92,1,0,0,0,0,0,0,0,0,1
43394,74.53,1,0,0,0,0,0,0,0,0,1
51636,79.56,0,1,0,0,0,0,0,0,0,1
47773,59.33,1,0,0,0,748,2,0,36041,0,1
67182,74.94,0,0,0,1,0,0,0,0,0,1
52803,74.37,1,0,0,0,300,2,1,0,0,1
54513,77.5,1,0,0,0,0,0,0,0,0,1
48479,78.82,0,1,0,0,738,8,0,130323,9,1
63947,82.8,1,0,0,0,467,12,0,44431,1,1
32221,74,1,0,0,0,0,0,0,0,0,1
74399,81.98,1,0,0,0,15,1,0,59594,1,1
53303,81.25,1,0,0,0,300,3,1,14831,4,1
59313,79.71,1,0,0,0,0,0,0,0,0,1
64582,79.9,1,0,0,0,738,2,0,33473,5,1
66169,85.9,1,0,0,0,763,1,0,3594,0,1
60447,89.91,1,0,0,0,637,5,1,248986,0,1
73123,83.96,1,0,0,0,738,3,0,6217,0,1
63542,84.91,1,0,0,0,0,0,0,0,0,1
40694,74.93,0,1,0,0,0,0,0,0,0,1
50018,54.33,1,0,0,0,0,0,0,0,0,1
58742,88.94,1,0,0,0,644,2,1,1942700,0,1
49636,74.85,1,0,0,0,0,0,0,0,0,1
48301,74.07,1,0,0,0,697,2,0,0,0,1
57259,75.3,1,0,0,0,477,3,1,572581,0,1
57713,88.77,1,0,0,0,300,3,1,30877,0,1
39039,78.85,1,0,0,0,0,0,0,0,0,1
67864,75,0,1,0,0,737,1,0,26640,0,1
52200,77.05,1,0,0,0,0,0,0,0,0,1
83220,64.83,1,0,0,0,0,0,0,0,0,1
35439,78.13,1,0,0,0,0,0,0,0,0,1
46249,74.23,0,1,0,0,738,11,0,107196,0,1
36275,36.49,0,1,0,0,0,0,0,0,0,1
54103,79.97,1,0,0,0,0,0,0,0,0,1
59613,75.22,1,0,0,0,583,3,0,43824,0,1
62548,71.15,1,0,0,0,419,10,0,0,0,1
46349,75.2,1,0,0,0,601,1,0,0,0,1
76711,87.95,1,0,0,0,718,1,0,-4,0,1
50578,79.15,1,0,0,0,0,0,0,0,0,1
51237,82,0,1,0,0,0,0,0,0,0,1
39394,72.15,0,1,0,0,0,0,0,0,0,1
45845,84.93,1,0,0,0,615,1,0,0,0,1
46145,78.01,1,0,0,0,0,0,0,0,0,1
45149,58.29,1,0,0,0,832,1,0,0,0,1
48349,81.97,1,0,0,0,0,0,0,0,0,1
59947,79.75,0,1,0,0,0,0,0,0,0,1
70273,64.18,1,0,0,0,0,0,0,0,0,1
28084,72,1,0,0,0,0,0,0,0,0,1
50878,69.2,0,0,0,0,0,0,0,0,0,1
49713,78.18,1,0,0,0,581,8,0,1760015,1,1
46874,75.99,1,0,0,0,628,3,0,0,0,1
49013,76.11,0,1,0,0,428,1,1,21307,0,1
54213,80.28,1,0,0,0,0,0,0,0,0,1
59213,79.63,1,0,0,0,0,0,0,0,0,1
41250,78.2,1,0,0,0,0,0,0,0,0,1
55760,77.49,1,0,0,0,0,0,0,0,0,1
53529,88.32,1,0,0,0,640,5,1,25297,0,1
73123,79.96,1,0,0,0,825,4,0,11940,0,1
56259,84.57,1,0,0,0,728,8,0,82687,1,1
70123,66.07,1,0,0,0,606,1,0,39299,0,1
55059,78.58,1,0,0,0,556,7,1,41865,0,1
44109,83.53,1,0,0,0,672,15,1,38035,1,1
50803,82.65,1,0,0,0,651,8,0,56574,1,1
50303,78.89,1,1,0,0,300,4,1,0,3,1
55513,89.85,1,0,0,0,438,7,1,20477,3,1
47349,69.28,1,0,0,0,0,0,0,0,0,1
46449,64.02,1,0,0,0,0,0,0,0,0,1
50078,82.45,1,0,0,0,818,4,0,0,0,1
54325,80.73,1,0,0,0,737,2,0,47239,1,1
59647,89.71,1,1,0,0,694,4,0,280612,1,1
95690,74.1,1,0,0,0,0,0,0,0,0,1
51803,79.59,1,0,0,0,593,1,0,0,0,1
60613,84.84,1,0,0,0,694,2,0,18452,0,1
71446,74.65,1,0,0,0,0,0,0,0,0,1
31314,37.98,1,0,0,0,0,0,0,0,0,1
51503,79.28,1,0,0,0,15,1,0,265719,0,1
50303,85.63,1,0,0,0,0,0,0,0,0,1
50946,84.23,1,0,0,0,680,6,0,74746,4,1
59844,85,1,0,0,0,300,13,2,65120,0,1
32993,55.3,1,0,0,0,0,0,0,0,0,1
53303,74.67,1,0,0,0,0,0,0,0,0,1
61313,84.73,1,0,0,0,0,0,0,0,0,1
52579,77.89,1,0,0,0,0,0,0,0,0,1
52389,76.89,0,1,0,0,637,3,0,346488,0,1
53478,79.06,1,0,0,0,0,0,0,0,0,1
62947,88.52,1,0,0,0,0,0,0,0,0,1
85989,79.31,1,0,0,0,598,9,0,22700,1,1
59259,73.8,0,1,0,0,0,0,0,0,0,1
96490,67.74,1,0,0,0,0,0,0,0,0,1
59413,78.83,1,0,0,0,0,0,0,0,1,1
118328,69.75,1,0,0,0,0,0,0,0,0,1
59013,85.71,1,0,0,0,680,10,0,11399,0,1
40338,61.76,0,1,0,0,0,0,0,0,0,1
42594,76.13,1,0,0,0,0,0,0,0,0,1
32304,66.02,1,0,0,0,0,0,0,0,0,1
58013,78.15,1,0,0,0,0,0,0,0,0,1
62147,64.94,1,0,0,0,0,0,0,0,0,1
61872,70,0,0,1,0,0,0,0,0,0,1
60648,77.53,1,0,0,0,680,14,0,3652,0,1
63947,89.04,1,0,0,0,825,1,0,0,0,1
59110,85.3,0,0,1,0,568,11,1,672793,0,1
53303,85.82,1,0,0,0,0,0,0,0,0,1
54059,71.37,1,0,0,0,0,0,0,0,0,1
50261,79.99,1,0,0,0,609,2,1,104070,0,1
56223,89.63,1,0,0,0,680,5,0,86480,1,1
51128,73.94,0,0,0,0,643,2,0,88920,0,1
54759,77.1,0,0,1,0,0,0,0,0,0,1
53428,81.42,1,0,0,0,321,13,1,46069,0,1
58013,73.75,0,0,1,0,17,1,0,59000,0,1
50503,77.22,1,0,0,0,0,0,0,0,0,1
48849,74.92,1,0,0,0,0,0,0,0,1,1
58259,80.9,0,1,0,0,0,0,0,0,0,1
66756,88.94,1,0,0,0,811,14,0,0,1,1
52478,79.79,1,0,0,0,0,0,0,0,0,1
58513,88.96,1,0,0,0,300,7,1,38974,1,1
54259,63.72,1,0,0,0,0,0,0,0,0,1
59217,80,0,1,0,0,825,8,0,44470,0,1
47849,79.65,1,0,0,0,16,3,0,49302,0,1
60613,76.09,1,0,0,0,0,0,0,0,0,1
53313,84.79,0,1,0,0,0,0,0,0,0,1
50403,89.56,1,0,0,0,300,9,2,52271,0,1
28029,42.93,1,0,0,0,737,2,0,8703,1,1
65732,72.18,1,0,0,0,0,0,0,0,0,1
66882,79.31,1,0,0,0,681,2,0,99108,0,1
63947,84.75,1,0,0,0,300,7,2,21577,0,1
49145,83.64,1,0,0,0,0,0,0,0,0,1
51431,70.34,0,1,0,0,0,0,0,0,0,1
54013,88.41,1,0,0,0,681,3,1,67,0,1
38139,74.88,1,1,0,0,0,0,0,0,0,1
30341,74.52,1,0,0,0,518,1,1,471799,1,1
39394,52.5,1,0,0,0,616,2,0,0,0,1
39370,76.79,1,0,0,0,825,8,0,59148,2,1
53203,73.63,1,0,0,0,15,1,0,60524,0,1
48146,84.99,1,0,0,0,300,3,1,63368,0,1
60947,84.41,0,1,0,0,0,0,0,0,0,1
62213,83.44,0,1,0,0,456,9,1,2089027,0,1
54113,79.89,1,0,0,0,0,0,0,0,0,1
45825,68.43,0,1,0,0,0,0,0,0,0,1
54003,86.59,1,0,0,0,669,3,0,2095035,0,1
46749,66.92,1,0,0,0,0,0,0,0,0,1
48233,89.49,1,0,0,0,0,0,0,0,0,1
61508,83.02,0,0,0,0,670,5,0,1409396,0,1
55295,79.97,1,0,0,0,0,0,0,0,0,1
56513,76.35,0,1,0,0,0,0,0,0,0,1
52653,89.69,1,0,0,0,0,0,0,0,0,1
39210,69.2,1,0,0,0,0,0,0,0,0,1
51803,78.82,1,0,0,0,0,0,0,0,0,1
47849,81.46,1,0,0,0,0,0,0,0,0,1
59133,89.05,0,1,0,0,0,0,0,0,0,1
47155,79.2,1,0,0,0,0,0,0,0,0,1
71423,72.34,1,0,0,0,498,2,0,1072231,0,1
50303,79.83,1,0,0,0,0,0,0,0,0,1
50349,79,1,0,0,0,15,1,0,10192,1,1
54263,85.51,1,0,0,0,0,0,0,0,0,1
43144,66.74,0,0,1,0,0,0,0,0,0,1
65169,83.61,1,0,0,0,754,1,0,0,0,1
43154,74.98,1,0,0,0,638,3,0,106597,1,1
56500,80.92,1,0,0,0,0,0,0,0,0,1
70817,69.19,1,0,0,0,830,1,0,0,0,1
53503,87.53,0,1,0,0,0,0,0,0,0,1
55659,84.92,1,0,0,0,0,0,0,0,0,1
50113,76.77,1,0,0,0,608,7,0,18656,0,1
63113,84.8,1,0,0,0,0,0,0,0,0,1
60947,80.57,1,0,0,0,0,0,0,0,0,1
50303,78.97,1,0,0,0,738,3,0,7020,0,1
82186,70.65,1,0,0,0,392,2,1,104560,0,1
50303,78.6,1,0,0,0,600,1,1,0,0,1
41094,62.73,1,0,0,0,615,1,0,201738,0,1
55009,83.8,1,0,0,0,17,1,0,253750,0,1
60617,79.99,1,0,0,0,588,6,0,32969,0,1
58547,79.87,1,0,0,0,0,0,0,0,0,1
59147,82.99,1,0,0,0,643,1,0,363194,0,1
50803,77.14,1,0,0,0,0,0,0,0,0,1
57959,86.8,1,0,0,0,0,0,0,0,0,1
51403,80.47,1,0,0,0,0,0,0,0,0,1
44800,84.36,1,0,0,0,0,0,0,0,0,1
78393,77.48,1,0,0,0,774,1,0,0,0,1
42894,65.18,1,0,0,0,428,4,0,6675,2,1
52733,83.71,1,0,0,0,0,0,0,0,2,1
58813,78.5,0,1,0,0,792,5,0,9581323,0,1
60713,73.08,1,0,0,0,0,0,0,0,0,1
52478,79.79,1,0,0,0,0,0,0,0,0,1
71317,88.71,1,0,0,0,0,0,0,0,0,1
53959,73.04,1,0,0,0,644,16,0,1791115,0,1
40594,66.8,1,0,0,0,0,0,0,0,0,1
51078,86.9,1,0,0,0,18,1,0,0,0,1
49216,75,0,1,0,0,0,0,0,0,1,1
42726,64.7,1,0,0,0,0,0,0,0,0,1
53078,87.84,1,0,0,0,300,4,1,5247,1,1
51078,89.72,1,0,0,0,0,0,0,0,0,1
46349,71.49,1,0,0,0,676,10,1,33336,0,1
52303,78.73,1,0,0,0,825,1,0,0,0,1
58259,84.68,1,0,0,0,0,0,0,0,0,1
60947,75.07,1,0,0,0,0,0,0,0,0,1
52303,86.5,1,0,0,0,300,3,1,1112000,3,1
44194,73.68,1,0,0,0,0,0,0,0,0,1
34900,48.62,1,0,0,0,0,0,0,0,0,1
26529,40.44,1,0,0,0,718,2,0,-185,0,1
28529,42.7,1,0,0,0,0,0,0,0,0,1
55511,79.99,1,0,0,0,0,0,0,0,0,1
61213,73.97,0,1,0,0,356,2,1,332819,0,1
72317,73.98,1,0,0,0,0,0,0,0,0,1
70817,79.47,1,0,0,0,825,1,0,0,0,1
62947,77.66,1,0,0,0,0,0,0,0,0,1
56213,89.84,1,0,0,0,0,0,0,0,0,1
67169,85,1,0,0,0,369,2,1,127328,0,1
44849,56.17,0,1,0,0,0,0,0,0,0,1
57659,86.46,1,0,0,0,681,8,0,37766,1,1
51603,67.42,1,0,0,0,738,12,0,28639,0,1
42394,56.88,1,0,0,0,0,0,0,0,0,1
52778,81.93,0,1,0,0,401,2,1,2296,0,1
53303,84.46,0,0,0,0,597,6,1,1326259,0,1
65022,66.33,1,0,0,0,706,1,0,98192,0,1
49783,76.12,1,0,0,0,0,0,0,0,0,1
63382,88.41,1,0,0,0,300,3,1,392219,0,1
61724,53.4,1,0,0,0,0,0,0,0,0,1
47949,75.35,1,0,0,0,300,1,1,5898,0,1
66882,69.98,0,1,0,0,0,0,0,0,0,1
64269,84.15,1,0,0,0,300,7,3,546367,0,1
60947,85.37,1,0,0,0,666,2,0,0,2,1
43733,65.73,1,0,0,0,749,2,0,212821,0,1
53513,79.59,0,1,0,0,15,1,0,20000,1,1
68627,74.03,1,0,0,0,17,1,0,73000,0,1
66669,84.64,0,1,0,0,653,1,0,19642,6,1
60713,80.62,1,0,0,0,0,0,0,0,0,1
93643,74.98,1,0,0,0,0,0,0,0,1,1
51778,88.5,1,0,0,0,0,0,0,0,0,1
55259,84.57,1,0,0,0,0,0,0,0,0,1
51528,88.28,1,0,0,0,300,4,2,99439,0,1
43394,69.28,0,1,0,0,0,0,0,0,0,1
71817,81.14,1,0,0,0,0,0,0,0,0,1
54069,89.06,1,0,0,0,0,0,0,0,0,1
62713,82.64,1,0,0,0,0,0,0,0,0,1
45849,72.09,1,0,0,0,300,3,1,136451,0,1
41514,72.93,1,0,0,0,0,0,0,0,0,1
34775,73.88,1,0,0,0,0,0,0,0,0,1
62213,74.46,1,0,0,0,0,0,0,0,0,1
29354,65.18,1,0,0,0,0,0,0,0,0,1
59000,81.96,1,0,0,0,0,0,0,0,0,1
66382,89.59,1,0,0,0,639,4,0,5955,0,1
77066,72.33,0,1,0,0,0,0,0,0,0,1
53103,79.67,1,0,0,0,0,0,0,0,0,1
50553,76.49,1,0,0,0,668,6,0,162242,0,1
61947,84.04,1,0,0,0,0,0,0,0,0,1
63347,78.04,0,1,0,0,0,0,0,0,0,1
61213,64.98,1,0,0,0,0,0,0,0,0,1
49303,86.77,1,0,0,0,738,3,0,3153,2,1
32484,45.12,1,0,0,0,0,0,0,0,0,1
60713,79.62,1,0,0,0,0,0,0,0,0,1
57259,87.94,1,0,0,0,0,0,0,0,0,1
27429,56.05,1,0,0,0,621,11,0,230704,0,1
59259,77.29,1,0,0,0,708,15,0,7459,0,1
48849,74.07,1,0,0,0,607,24,1,205327,0,1
54413,86.3,1,0,0,0,550,3,1,144,0,1
55359,78.52,1,0,0,0,738,2,0,15192,0,1
54059,81.38,1,0,0,0,708,6,0,22820,0,1
57459,84.73,1,0,0,0,0,0,0,0,0,1
62213,86.84,1,0,0,0,0,0,0,0,0,1
55259,86.52,1,0,0,0,0,0,0,0,0,1
71317,68.34,1,0,0,0,738,61,0,89148,0,1
53789,85,1,0,0,0,615,1,0,0,0,1
57559,64.05,1,0,0,0,0,0,0,0,0,1
42494,75.82,1,0,0,0,0,0,0,0,0,1
32686,81.73,1,0,0,0,16,1,1,0,0,1
51378,78.43,0,1,0,0,0,0,0,0,0,1
55684,85.39,1,0,0,0,0,0,0,0,0,1
53393,74.84,0,1,0,0,0,0,0,0,0,1
48468,74.99,1,0,0,0,0,0,0,0,0,1
49523,74.5,1,0,0,0,300,2,2,45770,0,1
90805,73.8,1,0,0,0,738,2,0,40418,0,1
61847,89.96,1,0,0,0,0,0,0,0,0,1
60413,75.34,1,0,0,0,17,1,0,61200,0,1
68927,72.97,1,0,0,0,0,0,0,0,0,1
42394,58.6,1,0,0,0,0,0,0,0,0,1
73123,79.86,1,0,0,0,300,42,5,2462133,0,1
51378,75.4,1,0,0,0,0,0,0,0,0,1
78886,77.14,0,1,0,0,0,0,0,0,0,1
56159,89.87,1,0,0,0,14,1,0,0,0,1
52303,73.5,1,0,0,0,300,1,1,0,0,1
75879,64.94,1,0,0,0,0,0,0,0,0,1
54078,88.21,1,0,0,0,610,1,1,19796,0,1
71817,70.13,1,0,0,0,0,0,0,0,0,1
54629,85,1,0,0,0,708,8,0,26519,1,1
86120,70.41,1,0,0,0,0,0,0,0,0,1
55513,88.27,1,0,0,0,300,13,4,1103094,0,1
64882,84.62,1,0,0,0,0,0,0,0,0,1
30394,37.8,1,0,0,0,0,0,0,0,0,1
50303,88.23,1,0,0,0,790,5,0,189147,0,1
67169,84.89,1,0,0,0,0,0,0,0,0,1
56458,80,0,1,0,0,0,0,0,0,0,1
54259,80.6,0,1,0,0,749,1,0,10552,0,1
49060,71.39,1,0,0,0,0,0,0,0,0,1
54303,83.46,1,0,0,0,646,1,0,31512,1,1
44849,69.91,1,0,0,0,0,0,0,0,0,1
64169,79.72,1,0,0,0,300,3,2,2079,0,1
54759,70.98,1,0,0,0,709,1,0,16968,0,1
56721,84.92,1,0,0,0,300,16,2,405555,4,1
61100,89.95,1,0,0,0,0,0,0,0,0,1
56765,84.79,0,0,1,0,15,1,0,217000,0,1
72817,69.92,0,1,0,0,0,0,0,0,0,1
49349,79.28,1,0,0,0,825,12,0,0,0,1
46606,85,1,0,0,0,0,0,0,0,0,1
42169,63.65,0,1,0,0,0,0,0,0,0,1
72817,74.35,0,1,0,0,0,0,0,0,0,1
55413,88.83,1,0,0,0,652,3,0,88418,0,1
54303,67.72,1,0,0,0,0,0,0,0,0,1
42544,75.82,1,1,0,0,0,0,0,0,0,1
61012,84.9,1,0,0,0,667,3,0,0,0,1
41210,73.92,0,1,0,0,0,0,0,0,0,1
47699,65.45,1,0,0,0,0,0,0,0,0,1
58259,76.13,1,0,0,0,16,2,0,0,0,1
50303,77.8,0,1,0,0,0,0,0,0,0,1
81686,76.51,1,0,0,0,300,30,5,173342,0,1
57509,69.04,1,0,0,0,0,0,0,0,0,1
74751,79.17,1,0,0,0,0,0,0,0,0,1
61213,73.86,1,0,0,0,0,0,0,0,0,1
59747,84.9,1,0,0,0,792,6,0,1242147,0,1
56078,81.81,0,1,0,0,0,0,0,0,0,1
56513,88.85,1,0,0,0,0,0,0,0,0,1
56313,84.76,0,1,0,0,0,0,0,0,0,1
55459,79.13,1,0,0,0,0,0,0,0,0,1
49273,79.73,1,0,0,0,0,0,0,0,0,1
50378,74.81,1,0,0,0,0,0,0,0,0,1
55509,81.66,1,0,0,0,0,0,0,0,0,1
42394,55.87,1,0,0,0,690,1,0,14588,0,1
66169,84.61,1,0,0,0,0,0,0,0,0,1
51678,84.65,1,0,0,0,0,0,0,0,0,1
52279,84.48,1,0,0,0,0,0,0,0,0,1
54251,85,1,0,0,0,300,2,1,8871,0,1
59110,85,1,0,0,0,0,0,0,0,0,1
37439,79.68,1,0,0,0,738,1,0,3730,0,1
54959,82.72,1,0,0,0,763,2,0,0,0,1
74751,60.8,1,0,0,0,17,1,0,55476,0,1
61447,89.94,1,0,0,0,0,0,0,0,0,1
50803,81.84,1,0,0,0,300,3,2,0,0,1
13664,19.68,1,0,0,0,0,0,0,0,0,1
64669,84.71,1,0,0,0,0,0,0,0,0,1
52303,79.62,1,0,0,0,0,0,0,0,0,1
63882,79.44,1,0,0,0,0,0,0,0,0,1
42494,69.97,1,0,0,0,719,13,0,99140,0,1
35875,73.62,1,0,0,0,0,0,0,0,0,1
51803,89.26,1,0,0,0,0,0,0,0,0,1
63263,84.9,0,1,0,0,0,0,0,0,1,1
55589,57.99,0,0,0,1,0,0,0,0,0,1
47549,67.28,1,0,0,0,16,1,0,0,0,1
51678,79.94,1,0,0,0,738,2,0,37403,0,1
73323,68.09,1,0,0,0,825,1,0,0,0,1
43894,67.82,1,0,0,0,571,1,0,0,0,1
56613,79.66,1,0,0,0,300,11,2,105677,3,1
79186,70.18,0,1,0,0,626,1,0,0,0,1
53303,83.46,1,0,0,0,0,0,0,0,0,1
42210,66.86,1,0,0,0,0,0,0,0,0,1
48349,76.92,1,0,0,0,624,2,1,1462,0,1
64082,86.34,1,0,0,0,0,0,0,0,0,1
69623,89.48,1,0,0,0,738,1,0,28412,0,1
35679,79.19,1,0,0,0,0,0,0,0,0,1
44349,79.83,1,0,0,0,0,0,0,0,1,1
34000,61.66,1,0,0,0,300,4,3,196759,0,1
54303,85.58,0,1,0,0,300,60,1,10211,0,1
37189,81.28,1,0,0,0,407,6,1,45555,1,1
43822,57.74,0,1,0,0,0,0,0,0,0,1
33484,69.99,1,0,0,0,472,6,1,306317,0,1
48145,75.7,1,0,0,0,599,6,1,26423,3,1
58509,84.91,1,0,0,0,0,0,0,0,1,1
54059,89.06,1,0,0,0,0,0,0,0,0,1
54659,80.18,1,0,0,0,0,0,0,0,0,1
50355,83.88,0,1,0,0,0,0,0,0,0,1
45349,73.83,1,0,0,0,818,1,0,0,0,1
60865,54.61,1,0,0,0,0,0,0,0,0,1
42710,61.98,1,0,0,0,446,1,1,0,0,1
73009,63.69,0,1,0,0,0,0,0,0,0,1
54259,78.66,0,1,0,0,0,0,0,0,0,1
57954,84.48,1,0,0,0,695,6,1,1847,0,1
43394,66.2,1,0,0,0,300,1,1,0,0,1
42394,56.15,0,1,0,0,0,0,0,0,0,1
56413,79.79,1,0,0,0,0,0,0,0,0,1
29529,46.72,1,0,0,0,0,0,0,0,0,1
87620,74.1,0,1,0,0,460,7,1,35540,0,1
67169,66.1,1,0,0,0,0,0,0,0,0,1
66000,72.03,1,0,0,0,300,11,2,3563123,0,1
52303,83.18,1,0,0,0,646,12,0,47904,0,1
61447,88.86,1,0,0,0,636,5,0,0,0,1
60296,85,1,0,0,0,0,0,0,0,0,1
36739,65.29,1,0,0,0,738,5,0,92272,1,1
57019,79.94,1,0,0,0,738,4,0,59577,1,1
40194,73.95,1,0,0,0,14,1,0,28192,1,1
50078,73.77,1,0,0,0,0,0,0,0,0,1
66782,89.99,1,0,0,0,825,1,0,0,0,1
58013,81.11,1,0,0,0,0,0,0,0,0,1
44549,66.21,1,0,0,0,0,0,0,0,0,1
53913,84.42,1,0,0,0,0,0,0,0,0,1
29529,43.79,0,0,1,0,16,2,0,0,0,1
69224,68.3,0,1,0,0,0,0,0,0,0,1
67495,69.83,1,0,0,0,0,0,0,0,1,1
55474,78.1,1,0,0,0,0,0,0,0,0,1
69817,72.38,1,0,0,0,0,0,0,0,0,1
36939,78.08,1,0,0,0,645,6,0,48165,0,1
58259,67.86,0,1,0,0,763,3,0,8893,0,1
72817,66.31,1,0,0,0,609,1,0,127545,0,1
58047,79.83,1,0,0,0,15,2,1,114000,2,1
45814,73.1,1,0,0,0,17,1,0,47000,0,1
73023,88.8,1,0,0,0,829,2,1,0,0,1
60947,89.86,1,0,0,0,564,4,1,41142,0,1
48849,79.87,1,0,0,0,0,0,0,0,0,1
54059,77.69,1,0,0,0,0,0,0,0,0,1
49458,82.54,1,0,0,0,749,2,0,5428,0,1
44849,69.02,1,0,0,0,0,0,0,0,0,1
59099,89.84,1,0,0,0,300,1,1,2073019,0,1
50328,80.3,1,0,0,0,586,9,0,154052,1,1
56813,89.78,1,0,0,0,825,1,0,0,0,1
56559,89.71,1,0,0,0,763,2,0,3118,0,1
60113,88.69,1,0,0,0,0,0,0,0,0,1
58200,84.87,0,0,1,0,0,0,0,0,0,1
51378,88.66,1,0,0,0,0,0,0,0,1,1
87675,54.54,1,0,0,0,300,6,3,111981,0,1
47505,59.73,1,0,0,0,392,1,1,81900,0,1
47349,72.59,0,1,0,0,738,3,0,44149,0,1
73797,84.92,1,0,0,0,738,1,0,12956,1,1
54218,88.88,1,0,0,0,559,13,1,65156,0,1
52800,81.22,1,0,0,0,0,0,0,0,0,1
51803,86.89,1,0,0,0,738,5,0,26425,0,1
83307,67.62,1,0,0,0,0,0,0,0,0,1
58013,72.38,1,0,0,0,0,0,0,0,0,1
43010,69.65,1,0,0,0,0,0,0,0,0,1
53513,84.4,0,1,0,0,0,0,0,0,0,1
43394,84.94,1,0,0,0,0,0,0,0,0,1
43449,68.29,1,0,1,0,0,0,0,0,0,1
53559,84.03,1,0,0,0,448,15,0,61717,4,1
51517,81.07,1,0,0,0,0,0,0,0,0,1
60413,84.79,1,0,0,0,608,6,0,18598,1,1
82586,67.24,1,0,0,0,0,0,0,0,0,1
49448,72.58,1,0,0,0,0,0,0,0,0,1
68817,74.77,1,0,0,0,18,1,0,0,0,1
39870,41.12,1,0,0,0,825,4,0,12815,1,1
47548,82.91,1,0,0,0,18,1,0,0,0,1
56313,84.78,0,0,0,0,0,0,0,0,0,1
60713,77.56,1,0,0,0,420,2,1,259672,0,1
57263,77.94,0,1,0,0,0,0,0,0,0,1
64293,84.99,1,0,0,0,0,0,0,0,0,1
64900,89.95,1,0,0,0,0,0,0,0,0,1
63213,70.56,1,0,0,0,738,3,0,18580,2,1
55789,79.73,1,0,0,0,0,0,0,0,0,1
46675,70.43,0,1,0,0,369,1,1,135137,1,1
62128,89.86,1,0,0,0,0,0,0,0,0,1
54013,87.97,1,0,0,0,620,6,1,162752,3,1
58713,88.76,1,0,0,0,0,0,0,0,0,1
35939,76.65,1,0,0,0,762,1,0,6427,0,1
58779,87.58,1,0,0,0,608,17,0,51816,1,1
53578,89.92,1,0,0,0,0,0,0,0,0,1
45145,83.76,1,0,0,0,0,0,0,0,0,1
71955,77.01,1,0,0,0,0,0,0,0,0,1
54959,88.17,1,0,0,0,0,0,0,0,0,1
58199,85,1,0,0,0,0,0,0,0,0,1
47145,74.49,1,0,0,0,300,2,1,1064922,0,1
55843,46.46,0,1,0,0,0,0,0,0,0,1
59687,79.9,1,0,0,0,0,0,0,0,0,1
63213,72.44,1,0,0,0,0,0,0,0,0,1
64013,80.47,1,0,0,0,374,16,1,1509933,0,1
63613,80,1,0,0,0,0,0,0,0,0,1
34484,43.92,0,1,0,0,706,1,0,85086,0,1
74123,54.61,1,0,0,0,0,0,0,0,0,1
65882,84.97,1,0,0,0,825,4,0,44686,0,1
49303,74,1,0,0,0,0,0,0,0,0,1
81886,74.97,1,0,0,0,681,3,0,16798,1,1
48145,74.47,1,0,0,0,627,4,0,38331,0,1
38275,69.41,1,0,0,0,300,12,2,40420,1,1
77566,79.55,1,0,0,0,0,0,0,0,0,1
64532,84.59,0,1,0,0,643,1,0,21625,0,1
61347,85.34,1,0,0,0,0,0,0,0,0,1
47445,89.84,1,0,0,0,0,0,0,0,0,1
38307,53.64,0,1,0,0,0,0,0,0,0,1
46749,77.23,1,0,0,0,710,2,0,63000,1,1
56013,86.59,1,0,0,0,0,0,0,0,0,1
52603,84,1,0,0,0,0,0,0,0,0,1
49223,79.5,1,0,0,0,300,10,1,89014,1,1
51078,80.62,1,0,0,0,0,0,0,0,0,1
76751,74.88,1,0,0,0,0,0,0,0,0,1
48809,66.97,1,0,0,0,0,0,0,0,0,1
52103,82.47,1,0,0,0,0,0,0,0,0,1
49763,84.06,1,0,0,0,547,8,1,1106841,5,1
59013,85.24,1,0,0,0,825,5,0,49224,0,1
24401,40.02,1,0,0,0,653,1,0,11804,0,1
49145,84.03,1,0,0,0,363,2,2,37198,0,1
35623,52.53,0,1,0,0,609,1,0,57015,0,1
59613,84.51,1,0,0,0,0,0,0,0,0,1
59647,79.48,0,1,0,0,0,0,0,0,0,1
66169,89.42,1,0,0,0,0,0,0,0,0,1
48609,83.76,1,0,0,0,0,0,0,0,0,1
51303,79.46,1,0,0,0,17,1,0,6309,0,1
47749,79.44,1,0,0,0,551,1,0,5200,0,1
52078,89.48,1,0,0,0,0,0,0,0,0,1
33184,47.89,0,1,0,0,0,0,0,0,0,1
50003,85.93,0,0,1,0,420,17,3,879059,1,1
54853,84.14,1,0,0,0,763,2,0,3183,0,1
58013,79.89,1,0,0,0,0,0,0,0,0,1
65082,89.85,1,0,0,0,300,1,1,12443,0,1
55759,82.86,1,0,0,0,0,0,0,0,0,1
58013,81.6,0,1,0,0,0,0,0,0,0,1
62313,84.33,1,0,0,0,18,1,0,0,0,1
53303,80.43,1,0,0,0,0,0,0,0,0,1
54859,74.37,1,0,0,0,602,1,0,0,0,1
56528,84.84,1,1,0,0,825,2,0,0,1,1
56013,78.29,1,0,0,0,0,0,0,0,0,1
42994,71.87,1,0,0,0,0,0,0,0,0,1
57513,83.17,0,1,0,0,0,0,0,0,0,1
56513,88.17,1,0,0,0,17,1,1,8,0,1
30994,57.85,1,0,0,0,711,3,0,449375,0,1
55413,74.87,0,1,0,0,0,0,0,0,0,1
38439,64.84,1,0,0,0,0,0,0,0,0,1
65606,73.2,1,0,0,0,0,0,0,0,1,1
60247,82.81,0,1,0,0,0,0,0,0,0,1
68382,72.42,1,0,0,0,596,6,0,90274,3,1
51278,72.1,1,0,0,0,0,0,0,0,0,1
56713,74.43,1,0,0,0,541,3,2,58394,0,1
76079,84.91,1,0,0,0,738,4,0,46485,1,1
64404,74.04,1,0,0,0,0,0,0,0,0,1
44445,74.32,1,0,0,0,550,12,4,3487848,0,1
42612,69.64,1,0,0,0,559,1,1,12988,0,1
65381,74.94,1,0,0,0,0,0,0,0,0,1
48349,68.82,1,0,0,0,300,5,1,1695307,0,1
23285,31.24,1,0,0,0,836,1,0,0,1,1
55309,72.77,1,0,0,0,0,0,0,0,0,1
41894,61.27,1,0,0,0,582,2,0,54592,1,1
61947,82.67,1,0,0,0,0,0,0,0,1,1
54259,77.61,1,0,0,0,438,1,1,1526,3,1
49078,71.35,1,0,0,0,0,0,0,0,0,1
58259,83.78,1,0,0,0,0,0,0,0,0,1
38239,71.44,1,0,0,0,0,0,0,0,0,1
44705,62.18,0,0,1,0,0,0,0,0,0,1
52171,70,0,1,0,0,0,0,0,0,0,1
50518,79.12,1,0,0,0,0,0,0,0,2,1
55800,85.49,1,0,0,0,753,7,0,423432,2,1
66882,69.97,0,1,0,0,667,5,0,478158,0,1
52320,89.5,0,1,0,0,0,0,0,0,0,1
58159,83.07,0,1,0,0,0,0,0,0,0,1
46549,75.58,1,0,0,0,300,2,1,0,0,1
53759,84.23,1,0,0,0,0,0,0,0,0,1
74495,62.38,0,1,0,0,496,1,1,33808,0,1
26260,22.59,1,0,0,0,0,0,0,0,0,1
66382,60.18,0,1,0,0,0,0,0,0,0,1
44945,81.08,1,0,0,0,0,0,0,0,0,1
53578,77.46,1,0,0,0,622,8,0,4597297,0,1
56513,84.57,0,1,0,0,0,0,0,0,0,1
56959,84.62,1,0,0,0,710,2,0,70000,1,1
52193,79.42,1,0,0,0,0,0,0,0,0,1
53503,86.1,1,0,0,0,17,1,0,55000,0,1
77468,78.96,1,0,0,0,644,3,1,19389,0,1
66769,79.35,1,0,0,0,0,0,0,0,2,1
57914,89.35,1,0,0,0,738,1,0,11509,2,1
52978,84.75,0,1,0,0,0,0,0,0,0,1
60213,87.04,1,0,0,0,0,0,0,0,0,1
63447,87.73,1,0,0,0,738,3,0,185879,1,1
56213,80.51,1,0,0,0,564,1,0,10478,0,1
44349,79.25,1,0,0,0,623,1,1,7541,0,1
58713,79.46,1,0,0,0,0,0,0,0,0,1
50303,80.77,1,0,0,0,300,4,2,1907029,0,1
75251,74.99,0,1,0,0,0,0,0,0,0,1
56759,82.81,1,0,0,0,708,8,0,68704,0,1
63349,79.88,1,0,0,0,593,1,0,0,0,1
55813,83.61,1,0,0,0,0,0,0,0,0,1
60213,88.7,0,1,0,0,0,0,0,0,0,1
53959,74.77,1,0,0,0,300,1,0,0,0,1
61447,77.63,1,0,0,0,300,7,1,64639,2,1
50078,70.36,1,0,0,0,0,0,0,0,0,1
57866,79.49,0,1,0,0,0,0,0,0,0,1
63513,79.84,1,0,0,0,571,1,0,0,0,1
55259,84.12,1,0,0,0,0,0,0,0,2,1
52103,68,0,1,0,0,0,0,0,0,0,1
54003,84.99,1,0,0,0,738,2,0,10497,0,1
52768,85,1,0,0,0,300,28,4,42074,1,1
57913,84.85,1,0,0,0,0,0,0,0,0,1
42994,70.89,1,0,0,0,763,3,0,1435,0,1
73817,75.69,1,0,0,0,0,0,0,0,0,1
64353,85,1,0,0,0,0,0,0,0,0,1
49803,78.62,1,0,0,0,0,0,0,0,1,1
62847,82.92,1,0,0,0,651,7,0,1438,0,1
48598,74.99,1,0,0,0,380,1,1,1917,0,1
44409,79.19,1,0,0,0,593,2,1,137800,0,1
64969,84.71,0,1,0,0,17,2,0,57486,0,1
60047,88.69,0,1,0,0,0,0,0,0,0,1
53303,55.89,1,0,0,0,0,0,0,0,0,1
56333,69.25,1,0,0,0,0,0,0,0,0,1
33529,60.23,1,0,0,0,300,16,3,41901,0,1
49803,75.45,1,0,0,0,0,0,0,0,0,1
64872,73.51,0,1,0,0,0,0,0,0,0,1
37939,69.76,1,0,0,0,0,0,0,0,0,1
57825,85,1,0,0,0,0,0,0,0,0,1
58013,69.49,1,0,0,0,825,1,0,0,1,1
60213,87.78,0,1,0,0,17,2,0,130000,0,1
64800,89.93,1,1,0,0,643,10,1,0,1,1
59813,89.07,1,0,0,0,0,0,0,0,0,1
53860,85,1,0,0,0,0,0,0,0,0,1
56459,83.93,1,0,0,0,0,0,0,0,0,1
66500,72.28,1,0,0,0,845,3,0,0,0,1
43394,78.28,1,0,0,0,16,1,0,0,0,1
55198,85,1,0,0,0,0,0,0,0,0,1
50998,81.28,1,0,0,0,0,0,0,0,0,1
53703,82.51,1,0,0,0,17,1,0,55000,0,1
38439,60.77,1,0,0,0,0,0,0,0,0,1
71217,68.09,0,1,0,0,0,0,0,0,0,1
54013,87.64,1,0,0,0,0,0,0,0,0,1
54613,77.89,1,0,0,0,0,0,0,0,1,1
56609,79.89,1,0,0,0,738,1,0,117639,0,1
51078,76.63,0,1,0,0,401,12,1,112802,0,1
61447,89.87,1,0,0,0,0,0,0,0,0,1
57059,85,1,0,0,0,0,0,0,0,0,1
52603,84.93,1,0,0,0,514,3,1,163880,0,1
54199,84.53,1,0,0,0,650,2,1,1,0,1
38745,77.29,1,0,0,0,0,0,0,0,0,1
54303,89.77,1,0,0,0,733,3,0,521845,0,1
59213,80.98,1,0,0,0,734,3,0,0,0,1
84989,53.1,0,1,0,0,700,3,0,57391,0,1
52003,85,1,0,0,0,738,13,0,59763,5,1
42094,76.79,1,0,0,0,0,0,0,0,0,1
44900,71.46,1,0,0,0,647,1,0,104366,0,1
52003,76.76,1,0,0,0,14,1,0,60349,0,1
57323,85,1,0,0,0,0,0,0,0,0,1
65882,80.07,1,0,0,0,0,0,0,0,0,1
51478,84.14,1,0,0,0,0,0,0,0,0,1
52353,76.8,1,0,0,0,0,0,0,0,0,1
79166,64.72,1,0,0,0,762,1,0,6627,0,1
48349,84.18,1,0,0,0,571,3,1,0,1,1
60924,90,0,1,0,0,0,0,0,0,0,1
53303,70.28,1,0,0,0,0,0,0,0,0,1
54559,89.31,1,0,0,0,0,0,0,0,0,1
78079,74.88,1,0,0,0,0,0,0,0,0,1
57259,79.07,1,0,0,0,0,0,0,0,1,1
41294,59.04,1,0,0,0,825,5,0,35125,1,1
44097,76.86,1,0,0,0,0,0,0,0,0,1
66500,88.76,1,0,0,0,0,0,0,0,0,1
72317,78.07,1,0,0,0,300,25,1,46426,0,1
53978,84.85,1,0,0,0,526,10,1,1545037,2,1
66882,73.01,0,1,0,0,0,0,0,0,0,1
72503,75,0,1,0,0,0,0,0,0,0,1
69217,74.97,0,1,0,0,0,0,0,0,0,1
56259,87.83,1,0,0,0,738,1,0,3155,1,1
52478,74.91,1,0,0,0,0,0,0,0,0,1
52128,74.54,0,1,0,0,300,1,1,0,1,1
91555,68.67,1,0,0,0,726,17,0,34717,0,1
62213,59.33,0,1,0,0,0,0,0,0,0,1
55013,79.09,1,0,0,0,0,0,0,0,0,1
56313,84.95,1,0,0,0,679,9,0,205900,1,1
52079,84.68,1,0,0,0,0,0,0,0,0,1
57265,73.76,1,0,0,0,0,0,0,0,1,1
56606,79.99,0,1,0,0,0,0,0,0,0,1
57509,79.08,1,0,0,0,0,0,0,0,0,1
42969,50.16,1,0,0,0,18,1,0,0,0,1
46849,74.97,1,0,0,0,763,1,0,1611,0,1
51488,84.48,0,1,0,0,825,6,0,55077,0,1
59747,89.98,1,0,0,0,0,0,0,0,0,1
94505,60.52,0,1,0,0,459,2,1,941444,0,1
48849,72.13,1,0,0,0,0,0,0,0,0,1
58013,82.65,1,0,0,0,708,2,0,9761,0,1
52303,74.97,1,0,0,0,0,0,0,0,0,1
44205,79.09,1,0,0,0,0,0,0,0,2,1
76079,89.6,1,0,0,0,0,0,0,0,0,1
65582,79.88,1,0,0,0,0,0,0,0,0,1
60347,83.37,0,1,0,0,0,0,0,0,0,1
60030,73.32,0,1,0,0,825,2,0,0,1,1
57559,79.5,1,0,0,0,0,0,0,0,0,1
40544,61.84,1,0,0,0,0,0,0,0,0,1
55513,79.87,1,0,0,0,699,1,0,915790,0,1
51996,83.98,1,0,0,0,0,0,0,0,0,1
66119,71.86,1,0,0,0,0,0,0,0,0,1
56659,79.94,1,0,0,0,710,2,0,7471,1,1
61263,61.97,0,1,0,0,0,0,0,0,0,1
57313,83.57,1,0,0,0,0,0,0,0,0,1
63213,84.68,1,0,0,0,0,0,0,0,0,1
60413,88.68,1,0,0,0,300,3,3,28346,0,1
53419,82.36,0,1,0,0,672,3,0,84240,0,1
39394,68.53,1,0,0,0,796,2,1,0,0,1
54459,84.89,1,0,0,0,0,0,0,0,0,1
66282,89.88,1,0,0,0,0,0,0,0,0,1
60318,79.99,1,0,0,0,0,0,0,0,0,1
56259,88.41,1,0,0,0,0,0,0,0,0,1
56659,83.41,1,0,0,0,627,3,1,44670,0,1
62947,89.73,1,0,0,0,680,27,0,739040,0,1
70317,74.87,1,0,0,0,300,4,2,385400,0,1
70230,70.27,0,1,0,0,0,0,0,0,0,1
77056,84.72,1,0,0,0,0,0,0,0,0,1
53078,69.34,1,0,0,0,0,0,0,0,0,1
57083,80.91,1,0,0,0,0,0,0,0,0,1
55509,84.53,1,0,0,0,641,3,0,40329,0,1
70347,79.89,1,0,0,0,0,0,0,0,0,1
59722,85,1,0,0,0,0,0,0,0,0,1
46349,72.93,1,0,0,0,0,0,0,0,0,1
52052,77.13,1,0,0,0,0,0,0,0,0,1
56313,88.7,0,1,0,0,0,0,0,0,0,1
47349,76.41,1,0,0,0,0,0,0,0,0,1
52078,85.64,0,1,0,0,738,9,0,87197,0,1
58847,84.32,1,0,0,0,0,0,0,0,0,1
33284,72.93,1,0,0,0,0,0,0,0,0,1
72123,66.68,1,0,0,0,615,3,0,501791,0,1
47549,83.77,1,0,0,0,0,0,0,0,0,1
34535,78.6,1,0,0,0,15,1,0,10000,1,1
54959,79.54,1,0,0,0,0,0,0,0,0,1
54659,84.01,1,0,0,0,719,5,0,14506,0,1
54053,82.3,1,0,0,0,0,0,0,0,0,1
53303,84.16,1,0,0,0,0,0,0,0,1,1
46349,74.52,1,0,0,0,699,13,0,200337,0,1
49803,71.73,1,0,0,0,576,4,0,1,0,1
48577,78.91,1,0,0,0,738,2,0,10666,0,1
71317,87.85,1,0,0,0,0,0,0,0,0,1
52978,84.74,1,0,0,0,533,1,0,0,0,1
48849,71.75,1,0,0,0,0,0,0,0,0,1
63509,75.14,1,0,0,0,716,3,0,100000,0,1
58759,84.5,1,0,0,0,0,0,0,0,0,1
53813,78.81,0,1,0,0,0,0,0,0,0,1
54117,84.58,1,0,0,0,0,0,0,0,0,1
47849,72.76,0,1,0,0,0,0,0,0,0,1
78079,54.36,1,0,0,0,565,2,0,23795,1,1
58759,85,1,0,0,0,698,22,0,23271,0,1
55271,84.99,1,0,0,0,0,0,0,0,1,1
69169,73.26,1,0,0,0,0,0,0,0,0,1
41232,79.82,1,0,0,0,0,0,0,0,0,1
72297,69.3,1,0,0,0,0,0,0,0,0,1
72123,63.2,0,1,0,0,0,0,0,0,0,1
55929,83.13,1,0,0,0,669,51,0,1327130,0,1
50803,69.39,1,0,0,0,0,0,0,0,0,1
63552,61.34,1,0,0,0,638,2,0,89733,0,1
70141,79.81,1,0,0,0,0,0,0,0,0,1
50078,77.09,1,0,0,0,0,0,0,0,0,1
53203,88.61,1,0,0,0,0,0,0,0,0,1
68219,78.4,1,0,0,0,300,1,1,37421,0,1
59213,84.57,1,0,0,0,0,0,0,0,0,1
76079,75.52,1,0,0,0,679,4,0,684574,0,1
62213,81.64,1,0,0,0,322,2,0,135659,0,1
43649,67.93,1,0,0,0,300,2,0,0,1,1
56213,84.62,0,1,0,0,0,0,0,0,0,1
52429,84.9,1,0,0,0,699,2,0,1169115,0,1
61147,85.94,1,0,0,0,785,2,0,0,0,1
54188,85,1,0,0,0,0,0,0,0,0,1
51027,73.33,1,0,0,0,0,0,0,0,0,1
58013,74.7,0,1,0,0,0,0,0,0,0,1
49778,67.91,1,0,0,0,17,1,0,16254,0,1
61713,85.57,1,0,0,0,563,1,0,506706,0,1
44449,72.84,1,0,0,0,0,0,0,0,0,1
82586,77.23,1,0,0,0,0,0,0,0,0,1
41826,62.91,1,0,0,0,825,3,0,0,0,1
48549,74.49,1,0,0,0,0,0,0,0,0,1
43894,68.32,1,0,0,0,774,3,0,0,0,1
54303,71.5,1,0,0,0,825,1,0,0,0,1
62447,85.91,1,0,0,0,17,1,0,6102,0,1
48145,77.21,1,0,0,0,544,2,1,48000,0,1
56313,74.8,1,0,0,0,0,0,0,0,0,1
54013,84.85,1,0,0,0,0,0,0,0,0,1
37439,67.2,1,0,0,0,15,2,0,1700,0,1
70223,88.99,0,1,0,0,803,4,0,1274736,0,1
47199,73.22,1,0,0,0,0,0,0,0,0,1
44109,80.26,1,0,0,0,0,0,0,0,0,1
60947,69.92,0,0,1,0,709,4,0,383050,0,1
72816,71.6,0,1,0,0,0,0,0,0,0,1
47449,80.4,0,1,0,0,0,0,0,0,0,1
59259,83.68,1,0,0,0,0,0,0,0,1,1
62947,87.75,1,0,0,0,0,0,0,0,0,1
52303,83.33,1,0,0,0,15,2,1,200000,0,1
57559,78.77,1,0,0,0,0,0,0,0,0,1
48349,73.71,1,0,0,0,494,3,2,1749556,1,1
51903,79.3,1,0,0,0,726,7,0,149773,1,1
59259,84.46,1,0,0,0,0,0,0,0,0,1
57313,87.65,1,0,0,0,15,1,0,750555,1,1
55259,74.47,1,0,0,0,300,1,1,19199,0,1
78536,84.89,1,0,0,0,0,0,0,0,0,1
49100,76.69,1,0,0,0,0,0,0,0,0,1
71817,74.69,0,0,1,0,0,0,0,0,0,1
58713,82.6,1,0,0,0,783,7,1,1215213,0,1
55012,78.01,1,0,0,0,300,1,1,140507,0,1
53078,79.78,1,0,0,0,738,3,0,152354,1,1
49658,79.71,1,0,0,0,657,1,0,399611,0,1
54719,74.84,1,0,0,0,407,4,1,783924,0,1
53078,68.22,0,1,0,0,0,0,0,0,0,1
36288,53.91,1,0,0,0,710,3,0,9369,0,1
64382,84.08,1,0,0,0,655,3,0,3022552,0,1
49376,88.98,1,0,0,0,17,1,0,635766,0,1
36855,59.18,1,0,0,0,0,0,0,0,0,1
54013,73.78,0,0,0,0,693,13,0,249077,8,1
49713,86.97,1,0,0,0,738,2,0,100154,1,1
57313,78.11,1,0,0,0,0,0,0,0,0,1
53413,84.94,0,1,0,0,738,10,0,71370,0,1
51103,82.67,1,0,0,0,607,7,0,1283468,0,1
47855,77.73,1,0,0,0,390,9,2,38373,0,1
48032,70.29,0,1,0,0,0,0,0,0,2,1
56013,76.68,0,1,0,0,0,0,0,0,1,1
29529,47.8,1,0,0,0,818,8,0,0,0,1
43394,59.71,1,0,0,0,763,1,0,3558,0,1
54713,89.74,1,0,0,0,0,0,0,0,0,1
67169,74.81,1,0,0,0,0,0,0,0,0,1
49578,82.59,1,0,0,0,0,0,0,0,0,1
56513,83.4,1,0,0,0,416,2,0,0,0,1
53678,85,1,0,0,0,300,2,1,0,0,1
45849,65.19,1,1,0,0,755,4,0,6388,0,1
57859,84.76,1,0,0,0,825,5,0,0,1,1
40894,67.65,1,0,0,0,0,0,0,0,0,1
63422,88.82,1,0,0,0,523,1,1,84605,1,1
61213,82.26,1,0,0,0,0,0,0,0,0,1
48645,76.4,1,0,0,0,0,0,0,0,0,1
49523,73.13,0,1,0,0,680,12,0,144160,2,1
54959,89.89,1,0,0,0,0,0,0,0,0,1
51095,89.09,1,0,0,0,450,11,1,55422,1,1
60547,84.97,1,0,0,0,0,0,0,0,0,1
51303,44.2,0,1,0,0,0,0,0,0,0,1
54059,83.9,1,0,0,0,18,1,1,8,0,1
49328,85.15,1,0,0,0,0,0,0,0,0,1
57713,83.99,1,0,0,0,825,1,0,0,0,1
55259,69.86,0,1,0,0,0,0,0,0,0,1
55659,85,1,0,0,0,0,0,0,0,0,1
74751,74.33,1,0,0,0,706,1,0,36464,1,1
35575,78.93,1,0,0,0,499,6,1,215154,0,1
57259,84.75,1,0,0,0,0,0,0,0,0,1
36899,73.65,1,0,0,0,392,1,1,289951,0,1
61402,88.96,1,0,0,0,15,1,0,20578,1,1
72123,85.88,1,0,0,0,602,1,0,0,0,1
56513,89.84,1,0,0,0,643,1,0,69649,0,1
94914,64.01,0,1,0,0,0,0,0,0,0,1
60847,88.9,1,0,0,0,0,0,0,0,0,1
58513,89.51,1,0,0,0,581,10,1,94926,1,1
69117,89.81,1,0,0,0,845,1,0,0,0,1
56333,79.05,1,1,0,0,0,0,0,0,0,1
50518,79.99,1,0,0,0,300,2,1,61698,0,1
83033,84.43,1,0,0,0,0,0,0,0,0,1
55013,79.43,1,0,0,0,0,0,0,0,0,1
57509,88.76,1,0,0,0,300,6,1,6605,0,1
55987,89.14,1,0,0,0,300,4,1,41705,3,1
52478,79.79,1,0,0,0,17,1,0,55000,0,1
52603,88.5,1,0,0,0,748,2,1,2865,0,1
70614,53.61,0,1,0,0,0,0,0,0,0,1
62593,89.89,1,0,0,0,594,2,1,210653,0,1
41294,59.02,1,0,0,0,845,2,0,0,1,1
54413,83.71,1,0,0,0,738,1,0,4964,1,1
59847,81.55,1,0,0,0,0,0,0,0,0,1
59259,80.76,1,0,0,0,0,0,0,0,0,1
59447,74.94,0,1,0,0,657,1,0,460196,0,1
60634,67.26,0,1,0,0,15,2,0,730392,0,1
71817,89.58,1,0,0,0,738,4,0,15456,1,1
54303,81.07,1,0,0,0,726,29,0,98754,2,1
67915,65.81,0,1,0,0,0,0,0,0,0,1
82186,71.85,1,0,0,0,737,1,0,31415,0,1
63147,67.14,0,1,0,0,0,0,0,0,0,1
60347,83.82,0,1,0,0,749,2,0,300804,0,1
71417,84.9,1,0,0,0,300,17,3,1855484,0,1
59947,71.1,1,0,0,0,0,0,0,0,0,1
46375,66.6,0,1,0,0,0,0,0,0,0,1
59947,89.95,1,0,0,0,0,0,0,0,0,1
61898,88.85,1,0,0,0,825,1,0,0,0,1
51303,73.94,1,0,0,0,0,0,0,0,2,1
58213,81.93,1,0,0,0,0,0,0,0,0,1
51303,87.91,1,0,0,0,0,0,0,0,0,1
48349,63.43,1,0,0,0,0,0,0,0,0,1
55400,89.34,1,0,0,0,730,4,0,48227,1,1
42394,63.77,1,0,0,0,0,0,0,0,0,1
78751,74.32,1,0,0,0,573,4,1,26091,1,1
61713,66.17,1,0,0,0,727,5,1,252830,0,1
43822,65.32,1,0,0,0,710,13,0,82677,1,1
58013,79.06,1,1,0,0,0,0,0,0,1,1
65894,79.82,1,0,0,0,615,1,0,0,0,1
53264,79.51,1,0,0,0,0,0,0,0,0,1
66882,71.05,0,1,0,0,14,1,0,425900,1,1
53203,74.41,1,0,0,0,0,0,0,0,0,1
46849,71.46,1,0,0,0,738,2,0,16662,0,1
58513,88.89,1,0,0,0,16,5,0,7924,2,1
64569,84.2,1,0,0,0,300,2,1,69350,0,1
42894,66.97,1,0,0,0,737,3,0,114635,1,1
63713,71.51,1,0,0,0,825,1,0,0,1,1
51339,75,1,0,0,0,0,0,0,0,0,1
51803,89.18,1,0,0,0,597,1,0,0,1,1
44849,62.36,1,0,0,0,0,0,0,0,0,1
51803,78.1,1,0,0,0,678,2,0,359148,0,1
71317,87.95,1,0,0,0,690,6,0,457401,0,1
65169,79.52,1,0,0,0,0,0,0,0,0,1
66882,87.18,1,0,0,0,738,1,0,7600,0,1
44949,74.78,1,0,0,0,836,1,0,0,0,1
44909,47.19,1,0,0,0,825,2,0,67473,0,1
54259,79.77,1,0,0,0,0,0,0,0,1,1
46945,67.88,1,0,0,0,0,0,0,0,0,1
51923,81.81,1,0,0,0,300,22,2,945216,0,1
52678,82.58,0,0,1,0,0,0,0,0,0,1
56213,74.95,1,0,0,0,738,5,0,12000,0,1
46575,84.32,1,0,0,0,651,3,1,116,0,1
74541,89.51,0,1,0,0,0,0,0,0,0,1
59697,84.6,1,0,0,0,300,4,2,5292,0,1
92943,64.85,1,0,0,0,0,0,0,0,0,1
48537,76.79,1,0,0,0,0,0,0,0,0,1
58947,57.09,1,0,0,0,0,0,0,0,0,1
46869,61.27,1,0,0,0,0,0,0,0,0,1
96490,58.63,1,0,0,0,300,2,1,23140,2,1
68877,78.99,1,0,0,0,16,1,0,0,0,1
63447,88.44,1,0,0,0,300,1,1,27500,0,1
55309,82.04,0,1,0,0,783,3,0,1600,0,1
45049,75.42,1,0,0,0,392,1,1,9219,0,1
43394,80.77,0,1,0,0,0,0,0,0,0,1
70523,69.7,1,0,0,0,606,2,1,1063774,0,1
71811,72.94,1,0,0,0,0,0,0,0,0,1
54659,88.87,1,0,0,0,738,1,0,4686,1,1
49217,78,1,0,0,0,0,0,0,0,0,1
83820,68.58,1,0,0,0,0,0,0,0,0,1
54013,89.7,1,0,0,0,300,5,1,373640,0,1
82686,64.89,1,0,0,0,0,0,0,0,1,1
58297,80.85,1,0,0,0,0,0,0,0,0,1
62213,65.63,1,0,0,0,567,2,0,3200,1,1
57659,89.02,1,0,0,0,738,2,0,19013,0,1
80686,72.56,1,0,0,0,0,0,0,0,0,1
58259,69.77,1,0,0,0,0,0,0,0,0,1
69696,70,1,0,0,0,442,13,2,503426,1,1
64769,89.62,1,0,0,0,630,11,0,1365959,0,1
62213,84.87,1,0,0,0,686,2,0,40478,0,1
53203,77.71,1,0,0,0,0,0,0,0,0,1
55059,79.28,1,0,0,0,300,33,1,9763,0,1
54013,88.86,1,0,0,0,0,0,0,0,1,1
57159,81.53,1,0,0,0,0,0,0,0,0,1
56227,85,1,0,0,0,825,4,0,26816,0,1
71817,71.74,1,0,0,0,0,0,0,0,0,1
48349,73.84,1,0,0,0,585,1,0,0,0,1
64169,89.33,1,0,0,0,17,1,0,296400,0,1
57013,86.61,1,0,0,0,0,0,0,0,0,1
70209,84.99,1,0,0,0,586,4,0,8233,2,1
50624,60,1,0,0,0,392,3,1,1486662,0,1
52108,84.38,0,1,0,0,0,0,0,0,0,1
39194,57.59,1,1,0,0,818,5,0,42000,1,1
53878,79.93,1,0,0,0,0,0,0,0,0,1
61713,60.84,1,0,0,0,785,5,0,43623,1,1
53683,78.18,1,0,0,0,514,3,1,67639,0,1
54913,87.37,1,0,0,0,0,0,0,0,0,1
51078,79.13,0,1,0,0,0,0,0,0,0,1
36439,58.04,0,1,0,0,0,0,0,0,0,1
46349,71.15,1,0,1,0,15,2,0,8928,0,1
61155,68.63,1,0,0,0,0,0,0,0,0,1
63600,85,1,0,0,0,0,0,0,0,0,1
61213,69.3,1,0,0,0,572,5,1,197696,0,1
43410,63.35,0,1,0,0,706,1,0,41148,0,1
56333,79.37,1,0,0,0,300,18,2,21971,1,1
61947,58.82,1,0,0,0,738,2,0,22993,4,1
59647,79.41,1,0,0,0,706,1,0,80334,0,1
60876,79.18,1,0,0,0,0,0,0,0,0,1
62847,90,1,0,0,0,0,0,0,0,0,1
55833,62.06,1,0,0,0,0,0,0,0,0,1
32984,69.57,1,0,0,0,300,1,1,53979,0,1
67169,56.73,1,0,0,0,738,6,0,28947,1,1
54100,84.21,1,0,0,0,615,1,0,0,0,1
25529,59.85,1,0,0,0,300,2,1,9505,0,1
60303,85,1,0,0,0,0,0,0,0,0,1
55513,84.25,0,1,0,0,680,1,0,10734,0,1
64382,86.27,1,0,0,0,0,0,0,0,0,1
38439,67.04,1,0,0,0,738,5,0,14664,0,1
54259,82.51,1,0,0,0,0,0,0,0,0,1
41165,74.8,1,0,0,0,0,0,0,0,0,1
48908,81,1,0,0,0,0,0,0,0,0,1
71817,74.21,0,1,0,0,411,1,1,19420,0,1
